Country Name,Indicator Name,0
Cyprus,"Foreign direct investment, net inflows (% of GDP)",8
Equatorial Guinea,"Foreign direct investment, net inflows (% of GDP)",1
Hungary,"Foreign direct investment, net inflows (% of GDP)",1
Liberia,"Foreign direct investment, net inflows (% of GDP)",1
Lesotho,"Personal remittances, received (% of GDP)",6
Cyprus,Trade in services (% of GDP),2
Ireland,Trade in services (% of GDP),7
Lebanon,Trade in services (% of GDP),1
Liberia,Trade in services (% of GDP),5
Singapore,Trade in services (% of GDP),6
Timor-Leste,Trade in services (% of GDP),3
Cyprus,"Foreign direct investment, net outflows (% of GDP)",8
Hungary,"Foreign direct investment, net outflows (% of GDP)",1
Australia,Total greenhouse gas emissions (% change from 1990),9
Bolivia,Total greenhouse gas emissions (% change from 1990),2
Botswana,Total greenhouse gas emissions (% change from 1990),10
Burkina Faso,Total greenhouse gas emissions (% change from 1990),15
Burundi,Total greenhouse gas emissions (% change from 1990),6
Cambodia,Total greenhouse gas emissions (% change from 1990),15
Central African Republic,Total greenhouse gas emissions (% change from 1990),15
Chad,Total greenhouse gas emissions (% change from 1990),15
Chile,Total greenhouse gas emissions (% change from 1990),6
China,Total greenhouse gas emissions (% change from 1990),8
"Egypt, Arab Rep.",Total greenhouse gas emissions (% change from 1990),3
Equatorial Guinea,Total greenhouse gas emissions (% change from 1990),19
Ethiopia,Total greenhouse gas emissions (% change from 1990),15
Gabon,Total greenhouse gas emissions (% change from 1990),7
"Gambia, The",Total greenhouse gas emissions (% change from 1990),14
Ghana,Total greenhouse gas emissions (% change from 1990),15
Guatemala,Total greenhouse gas emissions (% change from 1990),11
Guinea,Total greenhouse gas emissions (% change from 1990),2
Guinea-Bissau,Total greenhouse gas emissions (% change from 1990),15
India,Total greenhouse gas emissions (% change from 1990),2
Indonesia,Total greenhouse gas emissions (% change from 1990),2
"Iran, Islamic Rep.",Total greenhouse gas emissions (% change from 1990),3
Israel,Total greenhouse gas emissions (% change from 1990),2
Jordan,Total greenhouse gas emissions (% change from 1990),6
"Korea, Rep.",Total greenhouse gas emissions (% change from 1990),3
Lao PDR,Total greenhouse gas emissions (% change from 1990),6
Lesotho,Total greenhouse gas emissions (% change from 1990),5
Liberia,Total greenhouse gas emissions (% change from 1990),1
Madagascar,Total greenhouse gas emissions (% change from 1990),10
Malawi,Total greenhouse gas emissions (% change from 1990),8
Mali,Total greenhouse gas emissions (% change from 1990),15
Mauritania,Total greenhouse gas emissions (% change from 1990),5
Morocco,Total greenhouse gas emissions (% change from 1990),3
Mozambique,Total greenhouse gas emissions (% change from 1990),15
Namibia,Total greenhouse gas emissions (% change from 1990),15
Nicaragua,Total greenhouse gas emissions (% change from 1990),1
Nigeria,Total greenhouse gas emissions (% change from 1990),4
Pakistan,Total greenhouse gas emissions (% change from 1990),3
Panama,Total greenhouse gas emissions (% change from 1990),5
Papua New Guinea,Total greenhouse gas emissions (% change from 1990),2
Paraguay,Total greenhouse gas emissions (% change from 1990),2
Philippines,Total greenhouse gas emissions (% change from 1990),2
Qatar,Total greenhouse gas emissions (% change from 1990),13
Rwanda,Total greenhouse gas emissions (% change from 1990),3
Senegal,Total greenhouse gas emissions (% change from 1990),15
Sierra Leone,Total greenhouse gas emissions (% change from 1990),8
Sudan,Total greenhouse gas emissions (% change from 1990),15
Tanzania,Total greenhouse gas emissions (% change from 1990),12
Thailand,Total greenhouse gas emissions (% change from 1990),3
Timor-Leste,Total greenhouse gas emissions (% change from 1990),5
Togo,Total greenhouse gas emissions (% change from 1990),3
Uganda,Total greenhouse gas emissions (% change from 1990),8
United Arab Emirates,Total greenhouse gas emissions (% change from 1990),7
Vietnam,Total greenhouse gas emissions (% change from 1990),9
"Yemen, Rep.",Total greenhouse gas emissions (% change from 1990),11
Zambia,Total greenhouse gas emissions (% change from 1990),1
Zimbabwe,Total greenhouse gas emissions (% change from 1990),4
Angola,Deposit interest rate (%),2
Belarus,Deposit interest rate (%),1
Brazil,Deposit interest rate (%),5
Croatia,Deposit interest rate (%),2
Mongolia,Deposit interest rate (%),3
Peru,Deposit interest rate (%),2
Ukraine,Deposit interest rate (%),2
Uruguay,Deposit interest rate (%),2
Zimbabwe,Deposit interest rate (%),4
Angola,Lending interest rate (%),3
Belarus,Lending interest rate (%),2
Bulgaria,Lending interest rate (%),3
Croatia,Lending interest rate (%),1
Peru,Lending interest rate (%),3
Ukraine,Lending interest rate (%),3
Uruguay,Lending interest rate (%),4
Zambia,Lending interest rate (%),1
Albania,"Inflation, consumer prices (annual %)",1
Angola,"Inflation, consumer prices (annual %)",11
Armenia,"Inflation, consumer prices (annual %)",2
Azerbaijan,"Inflation, consumer prices (annual %)",3
Belarus,"Inflation, consumer prices (annual %)",5
Brazil,"Inflation, consumer prices (annual %)",5
Bulgaria,"Inflation, consumer prices (annual %)",3
"Congo, Dem. Rep.","Inflation, consumer prices (annual %)",10
Croatia,"Inflation, consumer prices (annual %)",5
Georgia,"Inflation, consumer prices (annual %)",1
Iraq,"Inflation, consumer prices (annual %)",4
Kazakhstan,"Inflation, consumer prices (annual %)",2
Lao PDR,"Inflation, consumer prices (annual %)",1
Latvia,"Inflation, consumer prices (annual %)",2
Lithuania,"Inflation, consumer prices (annual %)",2
Moldova,"Inflation, consumer prices (annual %)",3
Mongolia,"Inflation, consumer prices (annual %)",1
North Macedonia,"Inflation, consumer prices (annual %)",1
Peru,"Inflation, consumer prices (annual %)",2
Poland,"Inflation, consumer prices (annual %)",1
Romania,"Inflation, consumer prices (annual %)",5
Russian Federation,"Inflation, consumer prices (annual %)",3
Slovenia,"Inflation, consumer prices (annual %)",3
South Sudan,"Inflation, consumer prices (annual %)",2
Sudan,"Inflation, consumer prices (annual %)",6
Turkey,"Inflation, consumer prices (annual %)",1
Ukraine,"Inflation, consumer prices (annual %)",3
Uruguay,"Inflation, consumer prices (annual %)",2
"Venezuela, RB","Inflation, consumer prices (annual %)",2
Zambia,"Inflation, consumer prices (annual %)",3
Zimbabwe,"Inflation, consumer prices (annual %)",2
North Macedonia,"Taxes on income, profits and capital gains (% of total taxes)",1
Timor-Leste,Tax revenue (% of GDP),3
Kuwait,Expense (% of GDP),1
Kuwait,Military expenditure (% of GDP),1
Albania,Trade (% of GDP),1
Angola,Trade (% of GDP),10
Armenia,Trade (% of GDP),4
Austria,Trade (% of GDP),11
Azerbaijan,Trade (% of GDP),6
Bahrain,Trade (% of GDP),30
Belarus,Trade (% of GDP),28
Belgium,Trade (% of GDP),31
Bosnia and Herzegovina,Trade (% of GDP),5
Botswana,Trade (% of GDP),9
Bulgaria,Trade (% of GDP),15
Cambodia,Trade (% of GDP),21
Chad,Trade (% of GDP),2
"Congo, Rep.",Trade (% of GDP),25
Croatia,Trade (% of GDP),1
Cyprus,Trade (% of GDP),29
Czech Republic,Trade (% of GDP),17
Denmark,Trade (% of GDP),12
Equatorial Guinea,Trade (% of GDP),12
Estonia,Trade (% of GDP),26
Eswatini,Trade (% of GDP),21
Gabon,Trade (% of GDP),1
"Gambia, The",Trade (% of GDP),1
Georgia,Trade (% of GDP),6
Ghana,Trade (% of GDP),2
Guinea,Trade (% of GDP),2
Honduras,Trade (% of GDP),23
"Hong Kong SAR, China",Trade (% of GDP),31
Hungary,Trade (% of GDP),23
Iraq,Trade (% of GDP),9
Ireland,Trade (% of GDP),31
Jamaica,Trade (% of GDP),7
Jordan,Trade (% of GDP),25
Kazakhstan,Trade (% of GDP),2
"Korea, Rep.",Trade (% of GDP),2
Kuwait,Trade (% of GDP),5
Kyrgyz Republic,Trade (% of GDP),12
Latvia,Trade (% of GDP),13
Lebanon,Trade (% of GDP),3
Lesotho,Trade (% of GDP),14
Libya,Trade (% of GDP),10
Lithuania,Trade (% of GDP),19
Malaysia,Trade (% of GDP),31
Mauritania,Trade (% of GDP),2
Mauritius,Trade (% of GDP),26
Moldova,Trade (% of GDP),15
Mongolia,Trade (% of GDP),24
Mozambique,Trade (% of GDP),6
Namibia,Trade (% of GDP),7
Netherlands,Trade (% of GDP),30
Nicaragua,Trade (% of GDP),5
North Macedonia,Trade (% of GDP),13
Oman,Trade (% of GDP),8
Panama,Trade (% of GDP),25
Papua New Guinea,Trade (% of GDP),9
Paraguay,Trade (% of GDP),5
Poland,Trade (% of GDP),5
Puerto Rico,Trade (% of GDP),23
Qatar,Trade (% of GDP),2
Russian Federation,Trade (% of GDP),1
Serbia,Trade (% of GDP),5
Singapore,Trade (% of GDP),31
Slovak Republic,Trade (% of GDP),28
Slovenia,Trade (% of GDP),21
Somalia,Trade (% of GDP),4
Switzerland,Trade (% of GDP),16
Tajikistan,Trade (% of GDP),14
Thailand,Trade (% of GDP),22
Timor-Leste,Trade (% of GDP),12
Togo,Trade (% of GDP),3
Tunisia,Trade (% of GDP),6
Turkmenistan,Trade (% of GDP),10
Ukraine,Trade (% of GDP),10
United Arab Emirates,Trade (% of GDP),17
Vietnam,Trade (% of GDP),22
Zimbabwe,Trade (% of GDP),1
Albania,Final consumption expenditure (% of GDP),8
Armenia,Final consumption expenditure (% of GDP),11
Azerbaijan,Final consumption expenditure (% of GDP),1
Bosnia and Herzegovina,Final consumption expenditure (% of GDP),16
Burkina Faso,Final consumption expenditure (% of GDP),4
Burundi,Final consumption expenditure (% of GDP),29
Cambodia,Final consumption expenditure (% of GDP),5
Central African Republic,Final consumption expenditure (% of GDP),2
Chad,Final consumption expenditure (% of GDP),7
"Congo, Dem. Rep.",Final consumption expenditure (% of GDP),1
El Salvador,Final consumption expenditure (% of GDP),12
Eswatini,Final consumption expenditure (% of GDP),2
"Gambia, The",Final consumption expenditure (% of GDP),7
Georgia,Final consumption expenditure (% of GDP),7
Ghana,Final consumption expenditure (% of GDP),3
Guinea,Final consumption expenditure (% of GDP),6
Guinea-Bissau,Final consumption expenditure (% of GDP),14
Haiti,Final consumption expenditure (% of GDP),24
Iraq,Final consumption expenditure (% of GDP),1
Jamaica,Final consumption expenditure (% of GDP),4
Jordan,Final consumption expenditure (% of GDP),11
Kosovo,Final consumption expenditure (% of GDP),6
Kuwait,Final consumption expenditure (% of GDP),1
Kyrgyz Republic,Final consumption expenditure (% of GDP),13
Lebanon,Final consumption expenditure (% of GDP),24
Lesotho,Final consumption expenditure (% of GDP),13
Mali,Final consumption expenditure (% of GDP),1
Moldova,Final consumption expenditure (% of GDP),19
Mozambique,Final consumption expenditure (% of GDP),6
Namibia,Final consumption expenditure (% of GDP),1
North Macedonia,Final consumption expenditure (% of GDP),2
Rwanda,Final consumption expenditure (% of GDP),10
Sierra Leone,Final consumption expenditure (% of GDP),21
Somalia,Final consumption expenditure (% of GDP),9
South Sudan,Final consumption expenditure (% of GDP),1
Syrian Arab Republic,Final consumption expenditure (% of GDP),8
Tajikistan,Final consumption expenditure (% of GDP),9
Tanzania,Final consumption expenditure (% of GDP),5
Timor-Leste,Final consumption expenditure (% of GDP),21
Togo,Final consumption expenditure (% of GDP),1
Uganda,Final consumption expenditure (% of GDP),3
West Bank and Gaza,Final consumption expenditure (% of GDP),27
Zimbabwe,Final consumption expenditure (% of GDP),15
Angola,Exports of goods and services (annual % growth),1
Chad,Exports of goods and services (annual % growth),1
Guinea,Exports of goods and services (annual % growth),1
Libya,Exports of goods and services (annual % growth),2
Serbia,Exports of goods and services (annual % growth),1
Sierra Leone,Exports of goods and services (annual % growth),1
Sudan,Exports of goods and services (annual % growth),1
Timor-Leste,Exports of goods and services (annual % growth),2
Turkmenistan,Exports of goods and services (annual % growth),1
Angola,Imports of goods and services (annual % growth),2
Chad,Imports of goods and services (annual % growth),1
"Congo, Dem. Rep.",Imports of goods and services (annual % growth),1
Lebanon,Imports of goods and services (annual % growth),1
Libya,Imports of goods and services (annual % growth),1
Mozambique,Imports of goods and services (annual % growth),1
Equatorial Guinea,GDP growth (annual %),1
Libya,GDP growth (annual %),1
Equatorial Guinea,GDP per capita growth (annual %),1
Libya,GDP per capita growth (annual %),1
Afghanistan,"School enrollment, primary (% gross)",12
Albania,"School enrollment, primary (% gross)",19
Algeria,"School enrollment, primary (% gross)",23
Angola,"School enrollment, primary (% gross)",5
Argentina,"School enrollment, primary (% gross)",27
Armenia,"School enrollment, primary (% gross)",11
Australia,"School enrollment, primary (% gross)",29
Austria,"School enrollment, primary (% gross)",28
Azerbaijan,"School enrollment, primary (% gross)",11
Bahrain,"School enrollment, primary (% gross)",16
Bangladesh,"School enrollment, primary (% gross)",8
Belarus,"School enrollment, primary (% gross)",14
Belgium,"School enrollment, primary (% gross)",27
Benin,"School enrollment, primary (% gross)",16
Bolivia,"School enrollment, primary (% gross)",22
Botswana,"School enrollment, primary (% gross)",24
Brazil,"School enrollment, primary (% gross)",18
Bulgaria,"School enrollment, primary (% gross)",17
Burundi,"School enrollment, primary (% gross)",14
Cambodia,"School enrollment, primary (% gross)",22
Cameroon,"School enrollment, primary (% gross)",18
Canada,"School enrollment, primary (% gross)",16
Central African Republic,"School enrollment, primary (% gross)",1
Chad,"School enrollment, primary (% gross)",2
Chile,"School enrollment, primary (% gross)",25
China,"School enrollment, primary (% gross)",17
Colombia,"School enrollment, primary (% gross)",28
"Congo, Dem. Rep.","School enrollment, primary (% gross)",8
"Congo, Rep.","School enrollment, primary (% gross)",19
Costa Rica,"School enrollment, primary (% gross)",30
Cote d'Ivoire,"School enrollment, primary (% gross)",2
Croatia,"School enrollment, primary (% gross)",5
Cuba,"School enrollment, primary (% gross)",22
Cyprus,"School enrollment, primary (% gross)",11
Czech Republic,"School enrollment, primary (% gross)",20
Denmark,"School enrollment, primary (% gross)",19
Dominican Republic,"School enrollment, primary (% gross)",28
Ecuador,"School enrollment, primary (% gross)",30
"Egypt, Arab Rep.","School enrollment, primary (% gross)",9
El Salvador,"School enrollment, primary (% gross)",22
Equatorial Guinea,"School enrollment, primary (% gross)",6
Estonia,"School enrollment, primary (% gross)",10
Eswatini,"School enrollment, primary (% gross)",24
Ethiopia,"School enrollment, primary (% gross)",2
Finland,"School enrollment, primary (% gross)",11
France,"School enrollment, primary (% gross)",28
Gabon,"School enrollment, primary (% gross)",10
"Gambia, The","School enrollment, primary (% gross)",2
Georgia,"School enrollment, primary (% gross)",20
Germany,"School enrollment, primary (% gross)",28
Ghana,"School enrollment, primary (% gross)",12
Guatemala,"School enrollment, primary (% gross)",19
Guinea,"School enrollment, primary (% gross)",1
Guinea-Bissau,"School enrollment, primary (% gross)",4
Haiti,"School enrollment, primary (% gross)",3
Honduras,"School enrollment, primary (% gross)",17
"Hong Kong SAR, China","School enrollment, primary (% gross)",13
Hungary,"School enrollment, primary (% gross)",17
India,"School enrollment, primary (% gross)",12
Indonesia,"School enrollment, primary (% gross)",29
"Iran, Islamic Rep.","School enrollment, primary (% gross)",26
Iraq,"School enrollment, primary (% gross)",4
Ireland,"School enrollment, primary (% gross)",29
Israel,"School enrollment, primary (% gross)",26
Italy,"School enrollment, primary (% gross)",23
Jamaica,"School enrollment, primary (% gross)",2
Japan,"School enrollment, primary (% gross)",1
Kazakhstan,"School enrollment, primary (% gross)",26
Kenya,"School enrollment, primary (% gross)",9
"Korea, Rep.","School enrollment, primary (% gross)",21
Kuwait,"School enrollment, primary (% gross)",18
Kyrgyz Republic,"School enrollment, primary (% gross)",18
Lao PDR,"School enrollment, primary (% gross)",27
Latvia,"School enrollment, primary (% gross)",15
Lesotho,"School enrollment, primary (% gross)",20
Liberia,"School enrollment, primary (% gross)",3
Libya,"School enrollment, primary (% gross)",7
Lithuania,"School enrollment, primary (% gross)",22
Madagascar,"School enrollment, primary (% gross)",19
Malawi,"School enrollment, primary (% gross)",24
Malaysia,"School enrollment, primary (% gross)",9
Mauritania,"School enrollment, primary (% gross)",3
Mauritius,"School enrollment, primary (% gross)",29
Mexico,"School enrollment, primary (% gross)",30
Moldova,"School enrollment, primary (% gross)",7
Mongolia,"School enrollment, primary (% gross)",20
Morocco,"School enrollment, primary (% gross)",19
Mozambique,"School enrollment, primary (% gross)",16
Myanmar,"School enrollment, primary (% gross)",11
Namibia,"School enrollment, primary (% gross)",25
Nepal,"School enrollment, primary (% gross)",28
Netherlands,"School enrollment, primary (% gross)",26
New Zealand,"School enrollment, primary (% gross)",17
Nicaragua,"School enrollment, primary (% gross)",11
Nigeria,"School enrollment, primary (% gross)",3
Norway,"School enrollment, primary (% gross)",13
Oman,"School enrollment, primary (% gross)",11
Panama,"School enrollment, primary (% gross)",18
Papua New Guinea,"School enrollment, primary (% gross)",3
Paraguay,"School enrollment, primary (% gross)",23
Peru,"School enrollment, primary (% gross)",31
Philippines,"School enrollment, primary (% gross)",25
Poland,"School enrollment, primary (% gross)",4
Portugal,"School enrollment, primary (% gross)",29
Qatar,"School enrollment, primary (% gross)",20
Romania,"School enrollment, primary (% gross)",6
Russian Federation,"School enrollment, primary (% gross)",19
Rwanda,"School enrollment, primary (% gross)",23
Saudi Arabia,"School enrollment, primary (% gross)",12
Serbia,"School enrollment, primary (% gross)",18
Sierra Leone,"School enrollment, primary (% gross)",9
Singapore,"School enrollment, primary (% gross)",4
Slovak Republic,"School enrollment, primary (% gross)",16
Slovenia,"School enrollment, primary (% gross)",9
South Africa,"School enrollment, primary (% gross)",25
Spain,"School enrollment, primary (% gross)",30
Sri Lanka,"School enrollment, primary (% gross)",18
Sweden,"School enrollment, primary (% gross)",22
Switzerland,"School enrollment, primary (% gross)",22
Syrian Arab Republic,"School enrollment, primary (% gross)",23
Tajikistan,"School enrollment, primary (% gross)",9
Tanzania,"School enrollment, primary (% gross)",7
Thailand,"School enrollment, primary (% gross)",11
Timor-Leste,"School enrollment, primary (% gross)",17
Togo,"School enrollment, primary (% gross)",26
Trinidad and Tobago,"School enrollment, primary (% gross)",10
Tunisia,"School enrollment, primary (% gross)",30
Turkey,"School enrollment, primary (% gross)",21
Turkmenistan,"School enrollment, primary (% gross)",2
Uganda,"School enrollment, primary (% gross)",20
Ukraine,"School enrollment, primary (% gross)",16
United Arab Emirates,"School enrollment, primary (% gross)",13
United Kingdom,"School enrollment, primary (% gross)",23
United States,"School enrollment, primary (% gross)",14
Uruguay,"School enrollment, primary (% gross)",30
Uzbekistan,"School enrollment, primary (% gross)",12
"Venezuela, RB","School enrollment, primary (% gross)",22
Vietnam,"School enrollment, primary (% gross)",27
Zambia,"School enrollment, primary (% gross)",12
Zimbabwe,"School enrollment, primary (% gross)",16
Argentina,"School enrollment, secondary (% gross)",9
Armenia,"School enrollment, secondary (% gross)",2
Australia,"School enrollment, secondary (% gross)",10
Austria,"School enrollment, secondary (% gross)",14
Bahrain,"School enrollment, secondary (% gross)",7
Belarus,"School enrollment, secondary (% gross)",11
Belgium,"School enrollment, secondary (% gross)",28
Brazil,"School enrollment, secondary (% gross)",11
Bulgaria,"School enrollment, secondary (% gross)",3
Canada,"School enrollment, secondary (% gross)",24
Chile,"School enrollment, secondary (% gross)",6
Colombia,"School enrollment, secondary (% gross)",1
Costa Rica,"School enrollment, secondary (% gross)",11
Croatia,"School enrollment, secondary (% gross)",2
Cuba,"School enrollment, secondary (% gross)",4
Cyprus,"School enrollment, secondary (% gross)",3
Czech Republic,"School enrollment, secondary (% gross)",7
Denmark,"School enrollment, secondary (% gross)",29
Ecuador,"School enrollment, secondary (% gross)",8
Estonia,"School enrollment, secondary (% gross)",20
Finland,"School enrollment, secondary (% gross)",30
France,"School enrollment, secondary (% gross)",29
Georgia,"School enrollment, secondary (% gross)",6
Germany,"School enrollment, secondary (% gross)",19
Greece,"School enrollment, secondary (% gross)",12
"Hong Kong SAR, China","School enrollment, secondary (% gross)",9
Hungary,"School enrollment, secondary (% gross)",8
Ireland,"School enrollment, secondary (% gross)",27
Israel,"School enrollment, secondary (% gross)",21
Italy,"School enrollment, secondary (% gross)",14
Japan,"School enrollment, secondary (% gross)",3
Kazakhstan,"School enrollment, secondary (% gross)",10
"Korea, Rep.","School enrollment, secondary (% gross)",4
Kuwait,"School enrollment, secondary (% gross)",4
Kyrgyz Republic,"School enrollment, secondary (% gross)",3
Latvia,"School enrollment, secondary (% gross)",14
Libya,"School enrollment, secondary (% gross)",2
Lithuania,"School enrollment, secondary (% gross)",18
Mexico,"School enrollment, secondary (% gross)",5
Moldova,"School enrollment, secondary (% gross)",7
Netherlands,"School enrollment, secondary (% gross)",28
New Zealand,"School enrollment, secondary (% gross)",27
Norway,"School enrollment, secondary (% gross)",30
Oman,"School enrollment, secondary (% gross)",7
Peru,"School enrollment, secondary (% gross)",5
Poland,"School enrollment, secondary (% gross)",11
Portugal,"School enrollment, secondary (% gross)",21
Qatar,"School enrollment, secondary (% gross)",2
Russian Federation,"School enrollment, secondary (% gross)",5
Saudi Arabia,"School enrollment, secondary (% gross)",6
Singapore,"School enrollment, secondary (% gross)",4
Slovenia,"School enrollment, secondary (% gross)",11
South Africa,"School enrollment, secondary (% gross)",6
Spain,"School enrollment, secondary (% gross)",30
Sri Lanka,"School enrollment, secondary (% gross)",1
Sweden,"School enrollment, secondary (% gross)",23
Switzerland,"School enrollment, secondary (% gross)",8
Tajikistan,"School enrollment, secondary (% gross)",2
Thailand,"School enrollment, secondary (% gross)",7
Turkey,"School enrollment, secondary (% gross)",7
Ukraine,"School enrollment, secondary (% gross)",6
United Arab Emirates,"School enrollment, secondary (% gross)",3
United Kingdom,"School enrollment, secondary (% gross)",19
United States,"School enrollment, secondary (% gross)",1
Uruguay,"School enrollment, secondary (% gross)",16
Uzbekistan,"School enrollment, secondary (% gross)",1
Angola,"School enrollment, preprimary (% gross)",1
Australia,"School enrollment, preprimary (% gross)",10
Austria,"School enrollment, preprimary (% gross)",10
Belarus,"School enrollment, preprimary (% gross)",12
Belgium,"School enrollment, preprimary (% gross)",28
Chile,"School enrollment, preprimary (% gross)",3
Cuba,"School enrollment, preprimary (% gross)",17
Czech Republic,"School enrollment, preprimary (% gross)",18
Denmark,"School enrollment, preprimary (% gross)",3
Estonia,"School enrollment, preprimary (% gross)",3
France,"School enrollment, preprimary (% gross)",30
Germany,"School enrollment, preprimary (% gross)",7
Ghana,"School enrollment, preprimary (% gross)",11
"Hong Kong SAR, China","School enrollment, preprimary (% gross)",8
Ireland,"School enrollment, preprimary (% gross)",12
Israel,"School enrollment, preprimary (% gross)",13
Italy,"School enrollment, preprimary (% gross)",6
Liberia,"School enrollment, preprimary (% gross)",4
Mauritius,"School enrollment, preprimary (% gross)",12
Mexico,"School enrollment, preprimary (% gross)",6
Netherlands,"School enrollment, preprimary (% gross)",1
Peru,"School enrollment, preprimary (% gross)",3
Philippines,"School enrollment, preprimary (% gross)",2
Puerto Rico,"School enrollment, preprimary (% gross)",1
Slovak Republic,"School enrollment, preprimary (% gross)",1
Switzerland,"School enrollment, preprimary (% gross)",11
Ukraine,"School enrollment, preprimary (% gross)",3
United Kingdom,"School enrollment, preprimary (% gross)",5
Vietnam,"School enrollment, preprimary (% gross)",1
Australia,"School enrollment, tertiary (% gross)",5
Cuba,"School enrollment, tertiary (% gross)",3
Greece,"School enrollment, tertiary (% gross)",9
"Korea, Rep.","School enrollment, tertiary (% gross)",5
Turkey,"School enrollment, tertiary (% gross)",2
Uruguay,"School enrollment, tertiary (% gross)",1
Albania,"Primary completion rate, total (% of relevant age group)",5
Algeria,"Primary completion rate, total (% of relevant age group)",10
Argentina,"Primary completion rate, total (% of relevant age group)",10
Armenia,"Primary completion rate, total (% of relevant age group)",4
Austria,"Primary completion rate, total (% of relevant age group)",4
Azerbaijan,"Primary completion rate, total (% of relevant age group)",5
Bahrain,"Primary completion rate, total (% of relevant age group)",8
Belarus,"Primary completion rate, total (% of relevant age group)",12
Bosnia and Herzegovina,"Primary completion rate, total (% of relevant age group)",1
Botswana,"Primary completion rate, total (% of relevant age group)",5
Brazil,"Primary completion rate, total (% of relevant age group)",4
Bulgaria,"Primary completion rate, total (% of relevant age group)",6
China,"Primary completion rate, total (% of relevant age group)",4
Colombia,"Primary completion rate, total (% of relevant age group)",14
Costa Rica,"Primary completion rate, total (% of relevant age group)",4
Croatia,"Primary completion rate, total (% of relevant age group)",5
Cuba,"Primary completion rate, total (% of relevant age group)",1
Cyprus,"Primary completion rate, total (% of relevant age group)",14
Czech Republic,"Primary completion rate, total (% of relevant age group)",9
Denmark,"Primary completion rate, total (% of relevant age group)",14
Ecuador,"Primary completion rate, total (% of relevant age group)",12
"Egypt, Arab Rep.","Primary completion rate, total (% of relevant age group)",3
El Salvador,"Primary completion rate, total (% of relevant age group)",4
Estonia,"Primary completion rate, total (% of relevant age group)",10
Finland,"Primary completion rate, total (% of relevant age group)",14
France,"Primary completion rate, total (% of relevant age group)",3
Georgia,"Primary completion rate, total (% of relevant age group)",15
Germany,"Primary completion rate, total (% of relevant age group)",12
"Hong Kong SAR, China","Primary completion rate, total (% of relevant age group)",14
Hungary,"Primary completion rate, total (% of relevant age group)",1
Indonesia,"Primary completion rate, total (% of relevant age group)",6
"Iran, Islamic Rep.","Primary completion rate, total (% of relevant age group)",3
Ireland,"Primary completion rate, total (% of relevant age group)",3
Israel,"Primary completion rate, total (% of relevant age group)",18
Italy,"Primary completion rate, total (% of relevant age group)",17
Japan,"Primary completion rate, total (% of relevant age group)",2
Kazakhstan,"Primary completion rate, total (% of relevant age group)",19
"Korea, Rep.","Primary completion rate, total (% of relevant age group)",16
Kuwait,"Primary completion rate, total (% of relevant age group)",6
Kyrgyz Republic,"Primary completion rate, total (% of relevant age group)",10
Lao PDR,"Primary completion rate, total (% of relevant age group)",3
Latvia,"Primary completion rate, total (% of relevant age group)",11
Lithuania,"Primary completion rate, total (% of relevant age group)",17
Malaysia,"Primary completion rate, total (% of relevant age group)",8
Mauritius,"Primary completion rate, total (% of relevant age group)",10
Mexico,"Primary completion rate, total (% of relevant age group)",15
Moldova,"Primary completion rate, total (% of relevant age group)",7
Mongolia,"Primary completion rate, total (% of relevant age group)",3
Morocco,"Primary completion rate, total (% of relevant age group)",1
Nepal,"Primary completion rate, total (% of relevant age group)",7
North Macedonia,"Primary completion rate, total (% of relevant age group)",1
Norway,"Primary completion rate, total (% of relevant age group)",11
Oman,"Primary completion rate, total (% of relevant age group)",6
Panama,"Primary completion rate, total (% of relevant age group)",1
Peru,"Primary completion rate, total (% of relevant age group)",5
Philippines,"Primary completion rate, total (% of relevant age group)",4
Poland,"Primary completion rate, total (% of relevant age group)",3
Portugal,"Primary completion rate, total (% of relevant age group)",1
Qatar,"Primary completion rate, total (% of relevant age group)",4
Romania,"Primary completion rate, total (% of relevant age group)",1
Russian Federation,"Primary completion rate, total (% of relevant age group)",4
Saudi Arabia,"Primary completion rate, total (% of relevant age group)",4
Serbia,"Primary completion rate, total (% of relevant age group)",5
Slovak Republic,"Primary completion rate, total (% of relevant age group)",1
Slovenia,"Primary completion rate, total (% of relevant age group)",3
Spain,"Primary completion rate, total (% of relevant age group)",7
Sri Lanka,"Primary completion rate, total (% of relevant age group)",8
Sweden,"Primary completion rate, total (% of relevant age group)",18
Syrian Arab Republic,"Primary completion rate, total (% of relevant age group)",10
Tajikistan,"Primary completion rate, total (% of relevant age group)",5
Tanzania,"Primary completion rate, total (% of relevant age group)",1
Timor-Leste,"Primary completion rate, total (% of relevant age group)",3
Trinidad and Tobago,"Primary completion rate, total (% of relevant age group)",1
Tunisia,"Primary completion rate, total (% of relevant age group)",5
Turkey,"Primary completion rate, total (% of relevant age group)",3
Ukraine,"Primary completion rate, total (% of relevant age group)",9
United Arab Emirates,"Primary completion rate, total (% of relevant age group)",3
United Kingdom,"Primary completion rate, total (% of relevant age group)",5
United States,"Primary completion rate, total (% of relevant age group)",2
Uruguay,"Primary completion rate, total (% of relevant age group)",11
Uzbekistan,"Primary completion rate, total (% of relevant age group)",5
Vietnam,"Primary completion rate, total (% of relevant age group)",10
West Bank and Gaza,"Primary completion rate, total (% of relevant age group)",2
Zimbabwe,"Primary completion rate, total (% of relevant age group)",1
Afghanistan,"Gross intake ratio in first grade of primary education, female (% of relevant age group)",3
Albania,"Gross intake ratio in first grade of primary education, female (% of relevant age group)",10
Algeria,"Gross intake ratio in first grade of primary education, female (% of relevant age group)",12
Angola,"Gross intake ratio in first grade of primary education, female (% of relevant age group)",4
Argentina,"Gross intake ratio in first grade of primary education, female (% of relevant age group)",22
Armenia,"Gross intake ratio in first grade of primary education, female (% of relevant age group)",9
Austria,"Gross intake ratio in first grade of primary education, female (% of relevant age group)",4
Azerbaijan,"Gross intake ratio in first grade of primary education, female (% of relevant age group)",8
Bahrain,"Gross intake ratio in first grade of primary education, female (% of relevant age group)",9
Bangladesh,"Gross intake ratio in first grade of primary education, female (% of relevant age group)",12
Belarus,"Gross intake ratio in first grade of primary education, female (% of relevant age group)",11
Benin,"Gross intake ratio in first grade of primary education, female (% of relevant age group)",12
Bolivia,"Gross intake ratio in first grade of primary education, female (% of relevant age group)",19
Botswana,"Gross intake ratio in first grade of primary education, female (% of relevant age group)",20
Brazil,"Gross intake ratio in first grade of primary education, female (% of relevant age group)",2
Bulgaria,"Gross intake ratio in first grade of primary education, female (% of relevant age group)",16
Burkina Faso,"Gross intake ratio in first grade of primary education, female (% of relevant age group)",4
Burundi,"Gross intake ratio in first grade of primary education, female (% of relevant age group)",13
Cambodia,"Gross intake ratio in first grade of primary education, female (% of relevant age group)",22
Cameroon,"Gross intake ratio in first grade of primary education, female (% of relevant age group)",11
Canada,"Gross intake ratio in first grade of primary education, female (% of relevant age group)",5
Central African Republic,"Gross intake ratio in first grade of primary education, female (% of relevant age group)",1
Chad,"Gross intake ratio in first grade of primary education, female (% of relevant age group)",3
Chile,"Gross intake ratio in first grade of primary education, female (% of relevant age group)",2
China,"Gross intake ratio in first grade of primary education, female (% of relevant age group)",10
Colombia,"Gross intake ratio in first grade of primary education, female (% of relevant age group)",27
"Congo, Dem. Rep.","Gross intake ratio in first grade of primary education, female (% of relevant age group)",9
"Congo, Rep.","Gross intake ratio in first grade of primary education, female (% of relevant age group)",1
Costa Rica,"Gross intake ratio in first grade of primary education, female (% of relevant age group)",25
Cote d'Ivoire,"Gross intake ratio in first grade of primary education, female (% of relevant age group)",1
Croatia,"Gross intake ratio in first grade of primary education, female (% of relevant age group)",5
Cuba,"Gross intake ratio in first grade of primary education, female (% of relevant age group)",4
Cyprus,"Gross intake ratio in first grade of primary education, female (% of relevant age group)",14
Czech Republic,"Gross intake ratio in first grade of primary education, female (% of relevant age group)",13
Denmark,"Gross intake ratio in first grade of primary education, female (% of relevant age group)",11
Dominican Republic,"Gross intake ratio in first grade of primary education, female (% of relevant age group)",13
Ecuador,"Gross intake ratio in first grade of primary education, female (% of relevant age group)",16
"Egypt, Arab Rep.","Gross intake ratio in first grade of primary education, female (% of relevant age group)",9
El Salvador,"Gross intake ratio in first grade of primary education, female (% of relevant age group)",20
Equatorial Guinea,"Gross intake ratio in first grade of primary education, female (% of relevant age group)",1
Estonia,"Gross intake ratio in first grade of primary education, female (% of relevant age group)",6
Eswatini,"Gross intake ratio in first grade of primary education, female (% of relevant age group)",21
Ethiopia,"Gross intake ratio in first grade of primary education, female (% of relevant age group)",10
Finland,"Gross intake ratio in first grade of primary education, female (% of relevant age group)",10
Gabon,"Gross intake ratio in first grade of primary education, female (% of relevant age group)",5
"Gambia, The","Gross intake ratio in first grade of primary education, female (% of relevant age group)",5
Georgia,"Gross intake ratio in first grade of primary education, female (% of relevant age group)",16
Germany,"Gross intake ratio in first grade of primary education, female (% of relevant age group)",18
Ghana,"Gross intake ratio in first grade of primary education, female (% of relevant age group)",12
Greece,"Gross intake ratio in first grade of primary education, female (% of relevant age group)",11
Guatemala,"Gross intake ratio in first grade of primary education, female (% of relevant age group)",19
Guinea,"Gross intake ratio in first grade of primary education, female (% of relevant age group)",1
Guinea-Bissau,"Gross intake ratio in first grade of primary education, female (% of relevant age group)",1
Haiti,"Gross intake ratio in first grade of primary education, female (% of relevant age group)",1
Honduras,"Gross intake ratio in first grade of primary education, female (% of relevant age group)",20
"Hong Kong SAR, China","Gross intake ratio in first grade of primary education, female (% of relevant age group)",8
Hungary,"Gross intake ratio in first grade of primary education, female (% of relevant age group)",8
India,"Gross intake ratio in first grade of primary education, female (% of relevant age group)",21
Indonesia,"Gross intake ratio in first grade of primary education, female (% of relevant age group)",23
"Iran, Islamic Rep.","Gross intake ratio in first grade of primary education, female (% of relevant age group)",15
Iraq,"Gross intake ratio in first grade of primary education, female (% of relevant age group)",4
Ireland,"Gross intake ratio in first grade of primary education, female (% of relevant age group)",8
Israel,"Gross intake ratio in first grade of primary education, female (% of relevant age group)",15
Italy,"Gross intake ratio in first grade of primary education, female (% of relevant age group)",12
Jordan,"Gross intake ratio in first grade of primary education, female (% of relevant age group)",1
Kazakhstan,"Gross intake ratio in first grade of primary education, female (% of relevant age group)",20
Kenya,"Gross intake ratio in first grade of primary education, female (% of relevant age group)",1
"Korea, Dem. People's Rep.","Gross intake ratio in first grade of primary education, female (% of relevant age group)",1
"Korea, Rep.","Gross intake ratio in first grade of primary education, female (% of relevant age group)",18
Kuwait,"Gross intake ratio in first grade of primary education, female (% of relevant age group)",10
Kyrgyz Republic,"Gross intake ratio in first grade of primary education, female (% of relevant age group)",17
Lao PDR,"Gross intake ratio in first grade of primary education, female (% of relevant age group)",25
Latvia,"Gross intake ratio in first grade of primary education, female (% of relevant age group)",9
Lesotho,"Gross intake ratio in first grade of primary education, female (% of relevant age group)",24
Liberia,"Gross intake ratio in first grade of primary education, female (% of relevant age group)",4
Lithuania,"Gross intake ratio in first grade of primary education, female (% of relevant age group)",16
Madagascar,"Gross intake ratio in first grade of primary education, female (% of relevant age group)",20
Malawi,"Gross intake ratio in first grade of primary education, female (% of relevant age group)",24
Malaysia,"Gross intake ratio in first grade of primary education, female (% of relevant age group)",10
Mauritania,"Gross intake ratio in first grade of primary education, female (% of relevant age group)",17
Mauritius,"Gross intake ratio in first grade of primary education, female (% of relevant age group)",18
Mexico,"Gross intake ratio in first grade of primary education, female (% of relevant age group)",24
Moldova,"Gross intake ratio in first grade of primary education, female (% of relevant age group)",5
Mongolia,"Gross intake ratio in first grade of primary education, female (% of relevant age group)",18
Morocco,"Gross intake ratio in first grade of primary education, female (% of relevant age group)",18
Mozambique,"Gross intake ratio in first grade of primary education, female (% of relevant age group)",18
Myanmar,"Gross intake ratio in first grade of primary education, female (% of relevant age group)",12
Namibia,"Gross intake ratio in first grade of primary education, female (% of relevant age group)",18
Nepal,"Gross intake ratio in first grade of primary education, female (% of relevant age group)",22
New Zealand,"Gross intake ratio in first grade of primary education, female (% of relevant age group)",6
Nicaragua,"Gross intake ratio in first grade of primary education, female (% of relevant age group)",14
Nigeria,"Gross intake ratio in first grade of primary education, female (% of relevant age group)",6
North Macedonia,"Gross intake ratio in first grade of primary education, female (% of relevant age group)",1
Norway,"Gross intake ratio in first grade of primary education, female (% of relevant age group)",10
Oman,"Gross intake ratio in first grade of primary education, female (% of relevant age group)",9
Pakistan,"Gross intake ratio in first grade of primary education, female (% of relevant age group)",3
Panama,"Gross intake ratio in first grade of primary education, female (% of relevant age group)",10
Papua New Guinea,"Gross intake ratio in first grade of primary education, female (% of relevant age group)",2
Paraguay,"Gross intake ratio in first grade of primary education, female (% of relevant age group)",21
Peru,"Gross intake ratio in first grade of primary education, female (% of relevant age group)",19
Philippines,"Gross intake ratio in first grade of primary education, female (% of relevant age group)",18
Poland,"Gross intake ratio in first grade of primary education, female (% of relevant age group)",1
Portugal,"Gross intake ratio in first grade of primary education, female (% of relevant age group)",6
Qatar,"Gross intake ratio in first grade of primary education, female (% of relevant age group)",17
Romania,"Gross intake ratio in first grade of primary education, female (% of relevant age group)",5
Russian Federation,"Gross intake ratio in first grade of primary education, female (% of relevant age group)",4
Rwanda,"Gross intake ratio in first grade of primary education, female (% of relevant age group)",19
Saudi Arabia,"Gross intake ratio in first grade of primary education, female (% of relevant age group)",9
Senegal,"Gross intake ratio in first grade of primary education, female (% of relevant age group)",11
Serbia,"Gross intake ratio in first grade of primary education, female (% of relevant age group)",5
Sierra Leone,"Gross intake ratio in first grade of primary education, female (% of relevant age group)",7
Singapore,"Gross intake ratio in first grade of primary education, female (% of relevant age group)",2
Slovak Republic,"Gross intake ratio in first grade of primary education, female (% of relevant age group)",6
Slovenia,"Gross intake ratio in first grade of primary education, female (% of relevant age group)",11
South Africa,"Gross intake ratio in first grade of primary education, female (% of relevant age group)",8
Spain,"Gross intake ratio in first grade of primary education, female (% of relevant age group)",15
Sri Lanka,"Gross intake ratio in first grade of primary education, female (% of relevant age group)",7
Sweden,"Gross intake ratio in first grade of primary education, female (% of relevant age group)",16
Switzerland,"Gross intake ratio in first grade of primary education, female (% of relevant age group)",4
Syrian Arab Republic,"Gross intake ratio in first grade of primary education, female (% of relevant age group)",20
Tajikistan,"Gross intake ratio in first grade of primary education, female (% of relevant age group)",3
Tanzania,"Gross intake ratio in first grade of primary education, female (% of relevant age group)",11
Thailand,"Gross intake ratio in first grade of primary education, female (% of relevant age group)",1
Timor-Leste,"Gross intake ratio in first grade of primary education, female (% of relevant age group)",10
Togo,"Gross intake ratio in first grade of primary education, female (% of relevant age group)",15
Tunisia,"Gross intake ratio in first grade of primary education, female (% of relevant age group)",20
Turkey,"Gross intake ratio in first grade of primary education, female (% of relevant age group)",5
Uganda,"Gross intake ratio in first grade of primary education, female (% of relevant age group)",19
Ukraine,"Gross intake ratio in first grade of primary education, female (% of relevant age group)",8
United Arab Emirates,"Gross intake ratio in first grade of primary education, female (% of relevant age group)",9
United States,"Gross intake ratio in first grade of primary education, female (% of relevant age group)",5
Uruguay,"Gross intake ratio in first grade of primary education, female (% of relevant age group)",21
Uzbekistan,"Gross intake ratio in first grade of primary education, female (% of relevant age group)",4
"Venezuela, RB","Gross intake ratio in first grade of primary education, female (% of relevant age group)",10
Vietnam,"Gross intake ratio in first grade of primary education, female (% of relevant age group)",8
West Bank and Gaza,"Gross intake ratio in first grade of primary education, female (% of relevant age group)",1
"Yemen, Rep.","Gross intake ratio in first grade of primary education, female (% of relevant age group)",5
Zambia,"Gross intake ratio in first grade of primary education, female (% of relevant age group)",14
Zimbabwe,"Gross intake ratio in first grade of primary education, female (% of relevant age group)",8
Argentina,"School enrollment, tertiary, female (% gross)",6
Australia,"School enrollment, tertiary, female (% gross)",5
Belarus,"School enrollment, tertiary, female (% gross)",5
Canada,"School enrollment, tertiary, female (% gross)",3
Chile,"School enrollment, tertiary, female (% gross)",1
Cuba,"School enrollment, tertiary, female (% gross)",6
Finland,"School enrollment, tertiary, female (% gross)",9
Greece,"School enrollment, tertiary, female (% gross)",9
Latvia,"School enrollment, tertiary, female (% gross)",3
Lithuania,"School enrollment, tertiary, female (% gross)",6
Puerto Rico,"School enrollment, tertiary, female (% gross)",8
Slovenia,"School enrollment, tertiary, female (% gross)",7
Spain,"School enrollment, tertiary, female (% gross)",1
Sweden,"School enrollment, tertiary, female (% gross)",1
Turkey,"School enrollment, tertiary, female (% gross)",2
United States,"School enrollment, tertiary, female (% gross)",7
Uruguay,"School enrollment, tertiary, female (% gross)",2
"Venezuela, RB","School enrollment, tertiary, female (% gross)",1
Austria,People using at least basic drinking water services (% of population),9
Belgium,People using at least basic drinking water services (% of population),8
Denmark,People using at least basic drinking water services (% of population),10
Finland,People using at least basic drinking water services (% of population),7
France,People using at least basic drinking water services (% of population),1
Germany,People using at least basic drinking water services (% of population),4
Greece,People using at least basic drinking water services (% of population),3
Israel,People using at least basic drinking water services (% of population),9
Netherlands,People using at least basic drinking water services (% of population),8
New Zealand,People using at least basic drinking water services (% of population),7
Norway,People using at least basic drinking water services (% of population),9
Spain,People using at least basic drinking water services (% of population),4
Switzerland,People using at least basic drinking water services (% of population),6
United Kingdom,People using at least basic drinking water services (% of population),8
Austria,People using at least basic sanitation services (% of population),1
Chile,People using at least basic sanitation services (% of population),1
Israel,People using at least basic sanitation services (% of population),5
New Zealand,People using at least basic sanitation services (% of population),7
Poland,People using at least basic sanitation services (% of population),1
Kazakhstan,"Tuberculosis case detection rate (%, all forms)",2
Kyrgyz Republic,"Tuberculosis case detection rate (%, all forms)",1
Moldova,"Tuberculosis case detection rate (%, all forms)",1
Ukraine,"Tuberculosis case detection rate (%, all forms)",1
West Bank and Gaza,"Tuberculosis case detection rate (%, all forms)",1
Burundi,Ratio of female to male labor force participation rate (%) (modeled ILO estimate),31
Guinea,Ratio of female to male labor force participation rate (%) (modeled ILO estimate),2
Mozambique,Ratio of female to male labor force participation rate (%) (modeled ILO estimate),22
Rwanda,Ratio of female to male labor force participation rate (%) (modeled ILO estimate),8
Sierra Leone,Ratio of female to male labor force participation rate (%) (modeled ILO estimate),5
Belarus,Ratio of female to male labor force participation rate (%) (national estimate),2
Benin,Ratio of female to male labor force participation rate (%) (national estimate),3
Burundi,Ratio of female to male labor force participation rate (%) (national estimate),4
Cambodia,Ratio of female to male labor force participation rate (%) (national estimate),1
"Congo, Rep.",Ratio of female to male labor force participation rate (%) (national estimate),1
Equatorial Guinea,Ratio of female to male labor force participation rate (%) (national estimate),1
Ghana,Ratio of female to male labor force participation rate (%) (national estimate),1
Lao PDR,Ratio of female to male labor force participation rate (%) (national estimate),1
Mozambique,Ratio of female to male labor force participation rate (%) (national estimate),1
Nepal,Ratio of female to male labor force participation rate (%) (national estimate),1
Rwanda,Ratio of female to male labor force participation rate (%) (national estimate),3
Sierra Leone,Ratio of female to male labor force participation rate (%) (national estimate),1
Togo,Ratio of female to male labor force participation rate (%) (national estimate),2
Uzbekistan,Ratio of female to male labor force participation rate (%) (national estimate),1
