Topic description;indicators;nan;n;keep;percentage
Environment: energy;Access to clean fuels and technologies for cooking (% of population);2933;42280;x;x
Environment: energy;Access to electricity (% of population);1127;60340;x;x
Environment: energy;Access to electricity, rural (% of rural population);1429;57320;x;x
Environment: energy;Access to electricity, urban (% of urban population);1165;59960;x;x
Social: education;Adjusted net enrollment rate, primary (% of primary school age children);3701;34600;;
Social: education;Adjusted net enrollment rate, primary, female (% of primary school age children);4557;26040;;
Social: education;Adjusted net enrollment rate, primary, male (% of primary school age children);4556;26050;;
National accounts: income;Adjusted net national income (annual % growth);3048;41130;;
National accounts: income;Adjusted net national income (constant 2015 US$);3067;40940;;
National accounts: income;Adjusted net national income (current US$);1749;54120;;
National accounts: income;Adjusted net national income per capita (annual % growth);3048;41130;;
National accounts: income;Adjusted net national income per capita (constant 2015 US$);3034;41270;;
National accounts: income;Adjusted net national income per capita (current US$);1752;54090;;
National accounts: income;Adjusted net savings, excluding particulate emission damage (% of GNI);2809;43520;;
National accounts: income;Adjusted net savings, excluding particulate emission damage (current US$);2809;43520;;
National accounts: income;Adjusted net savings, including particulate emission damage (% of GNI);2908;42530;;
National accounts: income;Adjusted net savings, including particulate emission damage (current US$);2908;42530;;
National accounts: income;Adjusted savings: carbon dioxide damage (% of GNI);1214;59470;;
National accounts: income;Adjusted savings: carbon dioxide damage (current US$);632;65290;;
National accounts: income;Adjusted savings: consumption of fixed capital (% of GNI);1208;59530;;
National accounts: income;Adjusted savings: consumption of fixed capital (current US$);952;62090;;
National accounts: income;Adjusted savings: education expenditure (% of GNI);787;63740;;
National accounts: income;Adjusted savings: education expenditure (current US$);1360;58010;x;
National accounts: income;Adjusted savings: energy depletion (% of GNI);1247;59140;;
National accounts: income;Adjusted savings: energy depletion (current US$);553;66080;;
National accounts: income;Adjusted savings: gross savings (% of GNI);2513;46480;;
National accounts: income;Adjusted savings: mineral depletion (% of GNI);1116;60450;;
National accounts: income;Adjusted savings: mineral depletion (current US$);217;69440;x;
National accounts: income;Adjusted savings: natural resources depletion (% of GNI);1726;54350;x;x
National accounts: income;Adjusted savings: net forest depletion (% of GNI);1683;54780;;
National accounts: income;Adjusted savings: net forest depletion (current US$);1351;58100;;
National accounts: income;Adjusted savings: net national savings (% of GNI);2537;46240;;
National accounts: income;Adjusted savings: net national savings (current US$);2537;46240;;
National accounts: income;Adjusted savings: particulate emission damage (% of GNI);1712;54490;;
National accounts: income;Adjusted savings: particulate emission damage (current US$);1570;55910;;
Social: population;Adolescent fertility rate (births per 1,000 women ages 15-19);907;62540;x;
Social: education;Adolescents out of school (% of lower secondary school age);4375;27860;x;x
Social: education;Adolescents out of school, female (% of female lower secondary school age);4879;22820;;
Social: education;Adolescents out of school, male (% of male lower secondary school age);4885;22760;;
Social: health;Adults (ages 15+) and children (ages 0-14) newly infected with HIV;2689;44720;;
Social: health;Adults (ages 15-49) newly infected with HIV;2720;44410;x;
Social: population;Age dependency ratio (% of working-age population);725;64360;;
Social: population;Age dependency ratio, old (% of working-age population);725;64360;;
Social: population;Age dependency ratio, young (% of working-age population);725;64360;;
Agriculture;Agricultural land (% of land area);773;63880;x;x
Agriculture;Agricultural land (sq. km);773;63880;;
Agriculture;Agricultural machinery, tractors;4575;25860;;
Agriculture;Agricultural machinery, tractors per 100 sq. km of arable land;4612;25490;x;
Environment: general;Agricultural methane emissions (% of total);3123;40380;;
Environment: general;Agricultural methane emissions (thousand metric tons of CO2 equivalent);1191;59700;x;
Environment: general;Agricultural nitrous oxide emissions (% of total);3214;39470;;
Environment: general;Agricultural nitrous oxide emissions (thousand metric tons of CO2 equivalent);1191;59700;;
Trade: exports;Agricultural raw materials exports (% of merchandise exports);2224;49370;;
Trade: imports;Agricultural raw materials imports (% of merchandise imports);2197;49640;;
National accounts: value added;Agriculture, forestry, and fishing, value added (% of GDP);1173;59880;;
National accounts: value added;Agriculture, forestry, and fishing, value added (annual % growth);1531;56300;;
National accounts: value added;Agriculture, forestry, and fishing, value added (constant 2015 US$);1543;56180;;
National accounts: value added;Agriculture, forestry, and fishing, value added (constant LCU);1443;57180;;
National accounts: value added;Agriculture, forestry, and fishing, value added (current LCU);1173;59880;;
National accounts: value added;Agriculture, forestry, and fishing, value added (current US$);1196;59650;;
National accounts: value added;Agriculture, forestry, and fishing, value added per worker (constant 2015 US$);2246;49150;;
Infrastructure: transportation;Air transport, freight (million ton-km);2142;50190;x;
Infrastructure: transportation;Air transport, passengers carried;1953;52080;x;
Infrastructure: transportation;Air transport, registered carrier departures worldwide;1956;52050;;
Environment: energy;Alternative and nuclear energy (% of total energy use);3249;39120;;
Social: health;Antiretroviral therapy coverage (% of people living with HIV);3931;32300;;
Social: health;Antiretroviral therapy coverage for PMTCT (% of pregnant women living with HIV);4735;24260;;
Environment: resources;Aquaculture production (metric tons);1452;57090;;
Agriculture;Arable land (% of land area);842;63190;x;x
Agriculture;Arable land (hectares per person);845;63160;x;
Agriculture;Arable land (hectares);842;63190;;
Military statistics;Armed forces personnel (% of total labor force);1873;52880;x;x
Military statistics;Armed forces personnel, total;1822;53390;;
Military statistics;Arms imports (SIPRI trend indicator values);3426;37350;;
Financial: bank (miscellaneous);Automated teller machines (ATMs) (per 100,000 adults);3935;32260;x;
Financial: bank (miscellaneous);Bank capital to assets ratio (%);5065;20960;x;x
Financial: deposit money banks;Bank liquid reserves to bank assets ratio (%);3949;32120;;
Financial: bank (miscellaneous);Bank nonperforming loans to total gross loans (%);5004;21570;;
Trade: imports;Binding coverage, all products (%);3558;36030;;
Trade: imports;Binding coverage, manufactured products (%);3558;36030;;
Trade: imports;Binding coverage, primary products (%);3558;36030;;
Social: population;Birth rate, crude (per 1,000 people);598;65630;x;
Social: health;Births attended by skilled health staff (% of total);4086;30750;;
Financial: bank (miscellaneous);Borrowers from commercial banks (per 1,000 adults);5320;18410;x;
Trade: imports;Bound rate, simple mean, all products (%);3587;35740;;
Trade: imports;Bound rate, simple mean, manufactured products (%);3587;35740;;
Trade: imports;Bound rate, simple mean, primary products (%);3587;35740;;
Financial: monetary survey;Broad money (% of GDP);2007;51540;;
Financial: monetary survey;Broad money (current LCU);1969;51920;;
Financial: monetary survey;Broad money growth (annual %);2018;51430;;
Financial: monetary survey;Broad money to total reserves ratio;2301;48600;;
Investment climate;Business extent of disclosure index (0=less disclosure to 10=more disclosure);3890;32710;;
Environment: resources;Capture fisheries production (metric tons);609;65520;;
Agriculture;Cereal production (metric tons);1619;55420;;
Agriculture;Cereal yield (kg per hectare);1649;55120;;
National accounts: expenditure;Changes in inventories (constant LCU);3798;33630;;
National accounts: expenditure;Changes in inventories (current LCU);1798;53630;;
National accounts: expenditure;Changes in inventories (current US$);1817;53440;;
Balance of payments: imports, payments (credit);Charges for the use of intellectual property, payments (BoP, current US$);3038;41230;;
Balance of payments: exports, receipts (debit);Charges for the use of intellectual property, receipts (BoP, current US$);3865;32960;;
National accounts: value added;Chemicals (% of value added in manufacturing);3887;32740;;
Social: health;Children (0-14) living with HIV;3844;33170;;
Social: health;Children (ages 0-14) newly infected with HIV;3937;32240;;
Social: education;Children out of school (% of primary school age);3360;38010;x;x
Social: education;Children out of school, female (% of female primary school age);4364;27970;;
Social: education;Children out of school, male (% of male primary school age);4364;27970;;
Social: education;Children out of school, primary;3427;37340;;
Social: education;Children out of school, primary, female;4426;27350;;
Social: education;Children out of school, primary, male;4426;27350;;
Financial: monetary survey;Claims on central government (annual growth as % of broad money);2017;51440;;
Financial: banking survey;Claims on central government, etc. (% GDP);1643;55180;;
Financial: monetary survey;Claims on other sectors of the domestic economy (annual growth as % of broad money);4134;30270;;
Financial: monetary survey;Claims on private sector (annual growth as % of broad money);2018;51430;;
Environment: general;CO2 emissions (kg per 2015 US$ of GDP);1562;55990;;
Environment: general;CO2 emissions (kg per 2017 PPP $ of GDP);1658;55030;;
Environment: general;CO2 emissions (kg per PPP $ of GDP);1589;55720;;
Environment: general;CO2 emissions (kt);1189;59720;x;
Environment: general;CO2 emissions (metric tons per capita);1192;59690;x;
Environment: general;CO2 emissions from electricity and heat production, total (% of total fuel combustion);3252;39090;;
Environment: general;CO2 emissions from gaseous fuel consumption (% of total);1708;54530;;
Environment: general;CO2 emissions from gaseous fuel consumption (kt);1335;58260;;
Environment: general;CO2 emissions from liquid fuel consumption (% of total);1708;54530;;
Environment: general;CO2 emissions from liquid fuel consumption (kt);1335;58260;;
Environment: general;CO2 emissions from manufacturing industries and construction (% of total fuel combustion);3252;39090;;
Environment: general;CO2 emissions from other sectors, excluding residential buildings and commercial and public services (% of total fuel combustion);3252;39090;;
Environment: general;CO2 emissions from residential buildings and commercial and public services (% of total fuel combustion);3252;39090;;
Environment: general;CO2 emissions from solid fuel consumption (% of total);1708;54530;;
Environment: general;CO2 emissions from solid fuel consumption (kt);1335;58260;;
Environment: general;CO2 emissions from transport (% of total fuel combustion);3252;39090;x;x
Environment: general;CO2 intensity (kg per kg of oil equivalent energy use);3167;39940;;
National accounts: income;Coal rents (% of GDP);1132;60290;;
Environment: energy;Combustible renewables and waste (% of total energy);3249;39120;;
Financial: bank (miscellaneous);Commercial bank branches (per 100,000 adults);3810;33510;x;
Debt: external;Commercial banks and other lending (PPG + PNG) (NFL, current US$);4217;29440;;
Trade: exports;Commercial service exports (current US$);1642;55190;;
Trade: imports;Commercial service imports (current US$);1642;55190;;
Balance of payments: exports, receipts (debit);Communications, computer, etc. (% of service exports, BoP);1741;54200;;
Balance of payments: imports, payments (credit);Communications, computer, etc. (% of service imports, BoP);1731;54300;;
Government finance: IMF;Compensation of employees (% of expense);3709;34520;;
Government finance: IMF;Compensation of employees (current LCU);3656;35050;x;
Social: education;Compulsory education, duration (years);2488;46730;x;
Trade: exports;Computer, communications and other services (% of commercial service exports);1734;54270;;
Trade: imports;Computer, communications and other services (% of commercial service imports);1714;54470;;
Financial: prices;Consumer price index (2010 = 100);1438;57230;;
Infrastructure: transportation;Container port traffic (TEU: 20 foot equivalent units);4195;29660;;
Social: labor;Contributing family workers, female (% of female employment) (modeled ILO estimate);1304;58570;;
Social: labor;Contributing family workers, male (% of male employment) (modeled ILO estimate);1304;58570;;
Social: labor;Contributing family workers, total (% of total employment) (modeled ILO estimate);1304;58570;;
Investment climate;Cost of business start-up procedures (% of GNI per capita);3769;33920;;
Investment climate;Cost of business start-up procedures, female (% of GNI per capita);3769;33920;;
Investment climate;Cost of business start-up procedures, male (% of GNI per capita);3769;33920;;
Agriculture;Crop production index (2014-2016 = 100);1030;61310;;
Balance of payments: net;Current account balance (% of GDP);1700;54610;;
Balance of payments: net;Current account balance (BoP, current US$);1641;55200;x;
Social: education;Current education expenditure, primary (% of total expenditure in primary public institutions);5243;19180;;
Social: education;Current education expenditure, secondary (% of total expenditure in secondary public institutions);5228;19330;;
Social: education;Current education expenditure, tertiary (% of total expenditure in tertiary public institutions);5314;18470;;
Social: education;Current education expenditure, total (% of total expenditure in public institutions);5239;19220;;
Social: health;Current health expenditure (% of GDP);2993;41680;;
Social: health;Current health expenditure per capita (current US$);2993;41680;;
Social: health;Current health expenditure per capita, PPP (current international $);2993;41680;;
Government finance: IMF;Customs and other import duties (% of tax revenue);3670;34910;;
Government finance: IMF;Customs and other import duties (current LCU);3667;34940;;
Social: population;Death rate, crude (per 1,000 people);614;65470;x;
Debt: external;Debt service (PPG and IMF only, % of exports of goods, services and primary income);3445;37160;;
Debt: external;Debt service on external debt, public and publicly guaranteed (PPG) (TDS, current US$);3070;40910;;
Debt: external;Debt service on external debt, total (TDS, current US$);3054;41070;;
Prices: period average;DEC alternative conversion factor (LCU per US$);425;67360;;
Financial: interest rates;Deposit interest rate (%);2971;41900;x;
Financial: bank (miscellaneous);Depositors with commercial banks (per 1,000 adults);5375;17860;x;
National accounts: income;Discrepancy in expenditure estimate of GDP (constant LCU);4667;24940;;
National accounts: income;Discrepancy in expenditure estimate of GDP (current LCU);1674;54870;;
Financial: banking survey;Domestic credit to private sector (% of GDP);2245;49160;;
Financial: deposit money banks;Domestic credit to private sector by banks (% of GDP);1627;55340;;
Social: health;Domestic general government health expenditure (% of current health expenditure);2993;41680;;
Social: health;Domestic general government health expenditure (% of GDP);2993;41680;x;x
Social: health;Domestic general government health expenditure (% of general government expenditure);2993;41680;x;x
Social: health;Domestic general government health expenditure per capita (current US$);2993;41680;;
Social: health;Domestic general government health expenditure per capita, PPP (current international $);2993;41680;;
Social: health;Domestic private health expenditure (% of current health expenditure);2993;41680;;
Social: health;Domestic private health expenditure per capita (current US$);2993;41680;;
Social: health;Domestic private health expenditure per capita, PPP (current international $);2993;41680;;
Environment: energy;Electric power consumption (kWh per capita);3250;39110;x;
Environment: energy;Electric power transmission and distribution losses (% of output);3302;38590;x;x
Environment: energy;Electricity production from coal sources (% of total);3136;40250;;
Environment: energy;Electricity production from hydroelectric sources (% of total);3136;40250;;
Environment: energy;Electricity production from natural gas sources (% of total);3136;40250;;
Environment: energy;Electricity production from nuclear sources (% of total);3243;39180;x;x
Environment: energy;Electricity production from oil sources (% of total);3136;40250;;
Environment: energy;Electricity production from oil, gas and coal sources (% of total);3136;40250;x;x
Environment: energy;Electricity production from renewable sources, excluding hydroelectric (% of total);3136;40250;x;x
Environment: energy;Electricity production from renewable sources, excluding hydroelectric (kWh);3136;40250;;
Social: labor;Employers, female (% of female employment) (modeled ILO estimate);1304;58570;;
Social: labor;Employers, male (% of male employment) (modeled ILO estimate);1304;58570;;
Social: labor;Employers, total (% of total employment) (modeled ILO estimate);1304;58570;;
Social: labor;Employment in agriculture (% of total employment) (modeled ILO estimate);1304;58570;;
Social: labor;Employment in agriculture, female (% of female employment) (modeled ILO estimate);1304;58570;;
Social: labor;Employment in agriculture, male (% of male employment) (modeled ILO estimate);1304;58570;;
Social: labor;Employment in industry (% of total employment) (modeled ILO estimate);1304;58570;;
Social: labor;Employment in industry, female (% of female employment) (modeled ILO estimate);1304;58570;;
Social: labor;Employment in industry, male (% of male employment) (modeled ILO estimate);1304;58570;;
Social: labor;Employment in services (% of total employment) (modeled ILO estimate);1304;58570;;
Social: labor;Employment in services, female (% of female employment) (modeled ILO estimate);1304;58570;;
Social: labor;Employment in services, male (% of male employment) (modeled ILO estimate);1304;58570;;
Social: labor;Employment to population ratio, 15+, female (%) (modeled ILO estimate);1117;60440;;
Social: labor;Employment to population ratio, 15+, female (%) (national estimate);3782;33790;;
Social: labor;Employment to population ratio, 15+, male (%) (modeled ILO estimate);1117;60440;;
Social: labor;Employment to population ratio, 15+, male (%) (national estimate);3786;33750;;
Social: labor;Employment to population ratio, 15+, total (%) (modeled ILO estimate);1117;60440;x;x
Social: labor;Employment to population ratio, 15+, total (%) (national estimate);3644;35170;;
Social: labor;Employment to population ratio, ages 15-24, female (%) (modeled ILO estimate);1117;60440;;
Social: labor;Employment to population ratio, ages 15-24, female (%) (national estimate);4423;27380;;
Social: labor;Employment to population ratio, ages 15-24, male (%) (modeled ILO estimate);1117;60440;;
Social: labor;Employment to population ratio, ages 15-24, male (%) (national estimate);4423;27380;;
Social: labor;Employment to population ratio, ages 15-24, total (%) (modeled ILO estimate);1117;60440;;
Social: labor;Employment to population ratio, ages 15-24, total (%) (national estimate);4411;27500;;
Environment: energy;Energy imports, net (% of energy use);3224;39370;x;x
Environment: energy;Energy intensity level of primary energy (MJ/$2011 PPP GDP);1780;53810;;
Environment: general;Energy related methane emissions (% of total);3123;40380;;
Environment: energy;Energy use (kg of oil equivalent per capita);3080;40810;x;
Environment: energy;Energy use (kg of oil equivalent) per $1,000 GDP (constant 2017 PPP);3357;38040;x;
Social: education;Expenditure on primary education (% of government expenditure on education);4808;23530;;
Social: education;Expenditure on secondary education (% of government expenditure on education);4820;23410;;
Social: education;Expenditure on tertiary education (% of government expenditure on education);4585;25760;;
Government finance: IMF;Expense (% of GDP);3704;34570;x;
Government finance: IMF;Expense (current LCU);3685;34760;;
Trade: exports;Export unit value index (2000 = 100);1576;55850;;
Trade: exports;Export value index (2000 = 100);788;63730;;
Trade: exports;Export volume index (2000 = 100);1573;55880;;
National accounts: income;Exports as a capacity to import (constant LCU);2130;50310;;
National accounts: expenditure;Exports of goods and services (% of GDP);1354;58070;;
National accounts: expenditure;Exports of goods and services (annual % growth);2173;49880;x;
Balance of payments: exports, receipts (debit);Exports of goods and services (BoP, current US$);1641;55200;x;
National accounts: expenditure;Exports of goods and services (constant 2015 US$);2266;48950;;
National accounts: expenditure;Exports of goods and services (constant LCU);2089;50720;;
National accounts: expenditure;Exports of goods and services (current LCU);1342;58190;x;
National accounts: expenditure;Exports of goods and services (current US$);1362;57990;;
Balance of payments: exports, receipts (debit);Exports of goods, services and primary income (BoP, current US$);1680;54810;;
National accounts: expenditure;External balance on goods and services (% of GDP);1354;58070;;
National accounts: expenditure;External balance on goods and services (constant LCU);4558;26030;;
National accounts: expenditure;External balance on goods and services (current LCU);1342;58190;;
National accounts: expenditure;External balance on goods and services (current US$);1362;57990;;
Debt: external;External debt stocks (% of GNI);3164;39970;;
Debt: external;External debt stocks, long-term (DOD, current US$);3054;41070;;
Debt: external;External debt stocks, private nonguaranteed (PNG) (DOD, current US$);4586;25750;;
Debt: external;External debt stocks, public and publicly guaranteed (PPG) (DOD, current US$);3035;41260;;
Debt: external;External debt stocks, short-term (DOD, current US$);3048;41130;;
Debt: external;External debt stocks, total (DOD, current US$);3046;41150;;
Social: health;External health expenditure (% of current health expenditure);3427;37340;;
Social: health;External health expenditure per capita (current US$);3427;37340;;
Social: health;External health expenditure per capita, PPP (current international $);3427;37340;;
Social: population;Fertility rate, total (births per woman);743;64180;;
Agriculture;Fertilizer consumption (% of fertilizer production);4402;27590;;
Agriculture;Fertilizer consumption (kilograms per hectare of arable land);2226;49350;x;
National accounts: expenditure;Final consumption expenditure (% of GDP);1574;55870;x;
National accounts: expenditure;Final consumption expenditure (annual % growth);2400;47610;;
National accounts: expenditure;Final consumption expenditure (constant 2015 US$);2443;47180;;
National accounts: expenditure;Final consumption expenditure (constant LCU);2317;48440;;
National accounts: expenditure;Final consumption expenditure (current LCU);1562;55990;;
National accounts: expenditure;Final consumption expenditure (current US$);1580;55810;;
Infrastructure: telecommunications;Fixed broadband subscriptions;3217;39440;;
Infrastructure: telecommunications;Fixed broadband subscriptions (per 100 people);3224;39370;;
Infrastructure: telecommunications;Fixed telephone subscriptions;460;67010;;
Infrastructure: telecommunications;Fixed telephone subscriptions (per 100 people);465;66960;x;
Trade: exports;Food exports (% of merchandise exports);2195;49660;;
Trade: imports;Food imports (% of merchandise imports);2189;49720;;
Agriculture;Food production index (2014-2016 = 100);972;61890;;
National accounts: value added;Food, beverages and tobacco (% of value added in manufacturing);3753;34080;;
Balance of payments: net;Foreign direct investment, net (BoP, current US$);1769;53920;;
Balance of payments: exports, receipts (debit);Foreign direct investment, net inflows (% of GDP);1049;61120;x;
Balance of payments: exports, receipts (debit);Foreign direct investment, net inflows (BoP, current US$);832;63290;x;
Balance of payments: imports, payments (credit);Foreign direct investment, net outflows (% of GDP);1721;54400;x;
Balance of payments: imports, payments (credit);Foreign direct investment, net outflows (BoP, current US$);1593;55680;x;
Agriculture;Forest area (% of land area);193;69680;x;x
Agriculture;Forest area (sq. km);177;69840;;
National accounts: income;Forest rents (% of GDP);792;63690;;
Environment: energy;Fossil fuel energy consumption (% of total);3198;39630;x;x
Trade: exports;Fuel exports (% of merchandise exports);2394;47670;;
Trade: imports;Fuel imports (% of merchandise imports);2197;49640;;
National accounts: income;GDP (constant 2015 US$);706;64550;;
National accounts: income;GDP (constant LCU);625;65360;;
National accounts: income;GDP (current LCU);501;66600;x;
National accounts: income;GDP (current US$);551;66100;;
National accounts: income;GDP deflator (base year varies by country);629;65320;;
National accounts: income;GDP deflator: linked series (base year varies by country);630;65310;;
National accounts: income;GDP growth (annual %);677;64840;x;
National accounts: income;GDP per capita (constant 2015 US$);709;64520;;
National accounts: income;GDP per capita (constant LCU);628;65330;;
National accounts: income;GDP per capita (current LCU);504;66570;x;
National accounts: income;GDP per capita (current US$);554;66070;;
National accounts: income;GDP per capita growth (annual %);680;64810;x;
National accounts: income;GDP per capita, PPP (constant 2017 international $);1026;61350;;
National accounts: income;GDP per capita, PPP (current international $);957;62040;;
Social: labor;GDP per person employed (constant 2017 PPP $);1643;55180;;
Environment: energy;GDP per unit of energy use (constant 2017 PPP $ per kg of oil equivalent);3357;38040;;
Environment: energy;GDP per unit of energy use (PPP $ per kg of oil equivalent);3290;38710;;
National accounts: income;GDP, PPP (constant 2017 international $);1023;61380;;
National accounts: income;GDP, PPP (current international $);954;62070;;
National accounts: income;GDP: linked series (current LCU);636;65250;;
National accounts: expenditure;General government final consumption expenditure (% of GDP);1630;55310;;
National accounts: expenditure;General government final consumption expenditure (annual % growth);2384;47770;;
National accounts: expenditure;General government final consumption expenditure (constant 2015 US$);2431;47300;;
National accounts: expenditure;General government final consumption expenditure (constant LCU);2303;48580;;
National accounts: expenditure;General government final consumption expenditure (current LCU);1618;55430;;
National accounts: expenditure;General government final consumption expenditure (current US$);1636;55250;;
;Gini index;5019;21420;x;
National accounts: income;GNI (constant 2015 US$);2808;43530;;
National accounts: income;GNI (constant LCU);2700;44610;;
National accounts: income;GNI (current LCU);882;62790;;
National accounts: income;GNI (current US$);907;62540;;
National accounts: income;GNI growth (annual %);2804;43570;;
National accounts: income;GNI per capita (constant 2015 US$);2808;43530;;
National accounts: income;GNI per capita (constant LCU);2700;44610;;
National accounts: income;GNI per capita (current LCU);885;62760;;
National accounts: income;GNI per capita growth (annual %);2804;43570;;
National accounts: income;GNI per capita, Atlas method (current US$);1064;60970;;
National accounts: income;GNI per capita, PPP (constant 2017 international $);2825;43360;;
National accounts: income;GNI per capita, PPP (current international $);1131;60300;;
National accounts: income;GNI, Atlas method (current US$);1063;60980;;
National accounts: income;GNI, PPP (constant 2017 international $);2825;43360;;
National accounts: income;GNI, PPP (current international $);1128;60330;;
National accounts: income;GNI: linked series (current LCU);981;61800;;
Government finance: IMF;Goods and services expense (% of expense);3739;34220;;
Government finance: IMF;Goods and services expense (current LCU);3686;34750;;
Balance of payments: exports, receipts (debit);Goods exports (BoP, current US$);1641;55200;;
Balance of payments: imports, payments (credit);Goods imports (BoP, current US$);1641;55200;;
Social: education;Government expenditure on education, total (% of GDP);3486;36750;;
Social: education;Government expenditure on education, total (% of government expenditure);3726;34350;x;x
Social: education;Government expenditure per student, primary (% of GDP per capita);5125;20360;;
Social: education;Government expenditure per student, secondary (% of GDP per capita);5285;18760;;
Social: education;Government expenditure per student, tertiary (% of GDP per capita);5276;18850;;
Government finance: IMF;Grants and other revenue (% of revenue);3945;32160;;
Government finance: IMF;Grants and other revenue (current LCU);3933;32280;;
Balance of payments: exports, receipts (debit);Grants, excluding technical cooperation (BoP, current US$);2009;51520;;
National accounts: expenditure;Gross capital formation (% of GDP);1627;55340;;
National accounts: expenditure;Gross capital formation (annual % growth);2529;46320;;
National accounts: expenditure;Gross capital formation (constant 2015 US$);2586;45750;;
National accounts: expenditure;Gross capital formation (constant LCU);2444;47170;;
National accounts: expenditure;Gross capital formation (current LCU);1615;55460;;
National accounts: expenditure;Gross capital formation (current US$);1627;55340;;
National accounts: income;Gross domestic income (constant LCU);2156;50050;;
National accounts: income;Gross domestic savings (% of GDP);1574;55870;;
National accounts: income;Gross domestic savings (current LCU);1576;55850;;
National accounts: income;Gross domestic savings (current US$);1592;55690;;
National accounts: expenditure;Gross fixed capital formation (% of GDP);1772;53890;;
National accounts: expenditure;Gross fixed capital formation (annual % growth);2399;47620;;
National accounts: expenditure;Gross fixed capital formation (constant 2015 US$);2460;47010;;
National accounts: expenditure;Gross fixed capital formation (constant LCU);2322;48390;;
National accounts: expenditure;Gross fixed capital formation (current LCU);1760;54010;;
National accounts: expenditure;Gross fixed capital formation (current US$);1777;53840;;
National accounts: expenditure;Gross fixed capital formation, private sector (% of GDP);4457;27040;;
National accounts: expenditure;Gross fixed capital formation, private sector (current LCU);4457;27040;;
Social: education;Gross intake ratio in first grade of primary education, female (% of relevant age group);3303;38580;x;
Social: education;Gross intake ratio in first grade of primary education, male (% of relevant age group);3303;38580;;
Social: education;Gross intake ratio in first grade of primary education, total (% of relevant age group);3119;40420;;
National accounts: expenditure;Gross national expenditure (% of GDP);1661;55000;;
National accounts: expenditure;Gross national expenditure (constant 2015 US$);2620;45410;;
National accounts: expenditure;Gross national expenditure (constant LCU);2490;46710;;
National accounts: expenditure;Gross national expenditure (current LCU);1649;55120;;
National accounts: expenditure;Gross national expenditure (current US$);1661;55000;;
National accounts: expenditure;Gross national expenditure deflator (base year varies by country);2519;46420;;
National accounts: income;Gross savings (% of GDP);2387;47740;;
National accounts: income;Gross savings (% of GNI);2382;47790;;
National accounts: income;Gross savings (current LCU);2382;47790;;
National accounts: income;Gross savings (current US$);2383;47780;;
National accounts: income;Gross value added at basic prices (GVA) (constant 2015 US$);1983;51780;;
National accounts: income;Gross value added at basic prices (GVA) (constant LCU);1907;52540;;
National accounts: income;Gross value added at basic prices (GVA) (current LCU);1544;56170;;
National accounts: income;Gross value added at basic prices (GVA) (current US$);1568;55930;;
Trade: exports;High-technology exports (% of manufactured exports);4766;23950;;
Trade: exports;High-technology exports (current US$);4747;24140;;
Social: health;Hospital beds (per 1,000 people);3794;33670;x;
National accounts: expenditure;Households and NPISHs final consumption expenditure (% of GDP);1619;55420;;
National accounts: expenditure;Households and NPISHs Final consumption expenditure (annual % growth);2357;48040;;
National accounts: expenditure;Households and NPISHs Final consumption expenditure (constant 2015 US$);2406;47550;;
National accounts: expenditure;Households and NPISHs Final consumption expenditure (constant LCU);2274;48870;;
National accounts: expenditure;Households and NPISHs Final consumption expenditure (current LCU);1606;55550;;
National accounts: expenditure;Households and NPISHs Final consumption expenditure (current US$);1625;55360;;
National accounts: expenditure;Households and NPISHs Final consumption expenditure per capita (constant 2015 US$);2440;47210;;
National accounts: expenditure;Households and NPISHs Final consumption expenditure per capita growth (annual %);2528;46330;;
National accounts: expenditure;Households and NPISHs Final consumption expenditure, PPP (constant 2017 international $);2579;45820;;
National accounts: expenditure;Households and NPISHs Final consumption expenditure, PPP (current international $);2257;49040;;
National accounts: expenditure;Households and NPISHs final consumption expenditure: linked series (current LCU);1699;54620;;
Debt: external;IBRD loans and IDA credits (DOD, current US$);3071;40900;;
Trade: exports;ICT goods exports (% of total goods exports);3544;36170;;
Trade: imports;ICT goods imports (% total goods imports);3406;37550;;
Balance of payments: exports, receipts (debit);ICT service exports (% of service exports, BoP);2505;46560;;
Balance of payments: exports, receipts (debit);ICT service exports (BoP, current US$);2505;46560;;
Debt: external;IFC, private nonguaranteed (NFL, current US$);2951;42100;;
Debt: external;IMF repurchases and charges (TDS, current US$);3269;38920;;
Social: health;Immunization, DPT (% of children ages 12-23 months);1094;60670;x;x
Social: health;Immunization, HepB3 (% of one-year-old children);3018;41430;x;x
Social: health;Immunization, measles (% of children ages 12-23 months);1102;60590;x;x
Trade: imports;Import unit value index (2000 = 100);1649;55120;;
Trade: imports;Import value index (2000 = 100);788;63730;;
Trade: imports;Import volume index (2000 = 100);1646;55150;;
National accounts: expenditure;Imports of goods and services (% of GDP);1354;58070;;
National accounts: expenditure;Imports of goods and services (annual % growth);2173;49880;x;
Balance of payments: imports, payments (credit);Imports of goods and services (BoP, current US$);1641;55200;x;
National accounts: expenditure;Imports of goods and services (constant 2015 US$);2266;48950;;
National accounts: expenditure;Imports of goods and services (constant LCU);2089;50720;;
National accounts: expenditure;Imports of goods and services (current LCU);1342;58190;x;
National accounts: expenditure;Imports of goods and services (current US$);1362;57990;;
Balance of payments: imports, payments (credit);Imports of goods, services and primary income (BoP, current US$);1645;55160;;
Social: health;Incidence of HIV, ages 15-24 (per 1,000 uninfected population ages 15-24);2751;44100;;
Social: health;Incidence of HIV, ages 15-49 (per 1,000 uninfected population ages 15-49);2720;44410;;
Social: health;Incidence of HIV, all (per 1,000 uninfected population);2658;45030;;
Social: health;Incidence of malaria (per 1,000 population at risk);4694;24670;x;
Social: health;Incidence of tuberculosis (per 100,000 people);2381;47800;x;
Social: income;Income share held by fourth 20%;5022;21390;;
Social: income;Income share held by highest 10%;5022;21390;x;x
Social: income;Income share held by highest 20%;5022;21390;;
Social: income;Income share held by lowest 10%;5023;21380;;
Social: income;Income share held by lowest 20%;5023;21380;;
Social: income;Income share held by second 20%;5022;21390;x;x
Social: income;Income share held by third 20%;5022;21390;;
Infrastructure: telecommunications;Individuals using the Internet (% of population);856;63050;x;x
Intellectual property;Industrial design applications, nonresident, by count;4850;23110;;
Intellectual property;Industrial design applications, resident, by count;4853;23080;;
National accounts: value added;Industry (including construction), value added (% of GDP);1202;59590;;
National accounts: value added;Industry (including construction), value added (annual % growth);1733;54280;;
National accounts: value added;Industry (including construction), value added (constant 2015 US$);1742;54190;;
National accounts: value added;Industry (including construction), value added (constant LCU);1642;55190;;
National accounts: value added;Industry (including construction), value added (current LCU);1202;59590;;
National accounts: value added;Industry (including construction), value added (current US$);1225;59360;;
National accounts: value added;Industry (including construction), value added per worker (constant 2015 US$);2402;47590;;
Financial: prices;Inflation, consumer prices (annual %);1502;56590;x;
National accounts: income;Inflation, GDP deflator (annual %);682;64790;;
National accounts: income;Inflation, GDP deflator: linked series (annual %);676;64850;;
Trade: exports;Insurance and financial services (% of commercial service exports);2280;48810;;
Trade: imports;Insurance and financial services (% of commercial service imports);1863;52980;;
Balance of payments: exports, receipts (debit);Insurance and financial services (% of service exports, BoP);2280;48810;;
Balance of payments: imports, payments (credit);Insurance and financial services (% of service imports, BoP);1863;52980;;
Violence and conflict;Intentional homicides (per 100,000 people);3031;41300;x;
Violence and conflict;Intentional homicides, female (per 100,000 female);4651;25100;;
Violence and conflict;Intentional homicides, male (per 100,000 male);4673;24880;;
Government finance: IMF;Interest payments (% of expense);3731;34300;;
Government finance: IMF;Interest payments (% of revenue);3686;34750;;
Government finance: IMF;Interest payments (current LCU);3661;35000;;
Financial: interest rates;Interest rate spread (lending rate minus deposit rate, %);3422;37390;;
Violence and conflict;Internally displaced persons, new displacement associated with disasters (number of cases);5376;17850;x;
Social: tourism;International tourism, expenditures (% of total imports);2945;42160;;
Social: tourism;International tourism, expenditures (current US$);2708;44530;;
Social: tourism;International tourism, expenditures for passenger transport items (current US$);3018;41430;;
Social: tourism;International tourism, expenditures for travel items (current US$);2204;49570;;
Social: tourism;International tourism, number of arrivals;2044;51170;x;
Social: tourism;International tourism, number of departures;4382;27790;;
Social: tourism;International tourism, receipts (% of total exports);2975;41860;;
Social: tourism;International tourism, receipts (current US$);2571;45900;;
Social: tourism;International tourism, receipts for passenger transport items (current US$);3293;38680;;
Social: tourism;International tourism, receipts for travel items (current US$);2178;49830;;
Social: labor;Labor force participation rate for ages 15-24, female (%) (modeled ILO estimate);930;62310;;
Social: labor;Labor force participation rate for ages 15-24, female (%) (national estimate);3891;32700;;
Social: labor;Labor force participation rate for ages 15-24, male (%) (modeled ILO estimate);930;62310;;
Social: labor;Labor force participation rate for ages 15-24, male (%) (national estimate);3891;32700;;
Social: labor;Labor force participation rate for ages 15-24, total (%) (modeled ILO estimate);930;62310;;
Social: labor;Labor force participation rate for ages 15-24, total (%) (national estimate);3869;32920;;
Social: labor;Labor force participation rate, female (% of female population ages 15+) (modeled ILO estimate);930;62310;;
Social: labor;Labor force participation rate, female (% of female population ages 15+) (national estimate);3524;36370;;
Social: labor;Labor force participation rate, female (% of female population ages 15-64) (modeled ILO estimate);1117;60440;;
Social: labor;Labor force participation rate, male (% of male population ages 15+) (modeled ILO estimate);930;62310;;
Social: labor;Labor force participation rate, male (% of male population ages 15+) (national estimate);3524;36370;;
Social: labor;Labor force participation rate, male (% of male population ages 15-64) (modeled ILO estimate);1117;60440;;
Social: labor;Labor force participation rate, total (% of total population ages 15+) (modeled ILO estimate);930;62310;x;x
Social: labor;Labor force participation rate, total (% of total population ages 15+) (national estimate);3399;37620;;
Social: labor;Labor force participation rate, total (% of total population ages 15-64) (modeled ILO estimate);1117;60440;;
Social: labor;Labor force with advanced education (% of total working-age population with advanced education);4874;22870;;
Social: labor;Labor force with advanced education, female (% of female working-age population with advanced education);4876;22850;;
Social: labor;Labor force with advanced education, male (% of male working-age population with advanced education);4876;22850;;
Social: labor;Labor force with basic education (% of total working-age population with basic education);4874;22870;;
Social: labor;Labor force with basic education, female (% of female working-age population with basic education);4874;22870;;
Social: labor;Labor force with basic education, male (% of male working-age population with basic education);4880;22810;;
Social: labor;Labor force with intermediate education (% of total working-age population with intermediate education);4873;22880;;
Social: labor;Labor force with intermediate education, female (% of female working-age population with intermediate education);4875;22860;;
Social: labor;Labor force with intermediate education, male (% of male working-age population with intermediate education);4876;22850;;
Social: labor;Labor force, female (% of total labor force);933;62280;;
Social: labor;Labor force, total;933;62280;;
Investment climate;Labor tax and contributions (% of commercial profits);4050;31110;;
Agriculture;Land area (sq. km);38;71230;x;
Agriculture;Land under cereal production (hectares);1642;55190;;
Financial: interest rates;Lending interest rate (%);3117;40440;x;
Social: population;Life expectancy at birth, female (years);746;64150;x;
Social: population;Life expectancy at birth, male (years);746;64150;x;
Social: population;Life expectancy at birth, total (years);746;64150;x;
Social: health;Lifetime risk of maternal death (%);3397;37640;x;x
Social: health;Lifetime risk of maternal death (1 in: rate varies by country);3397;37640;;
Infrastructure: transportation;Liner shipping connectivity index (maximum value in 2004 = 100);4264;28970;;
Capital markets;Listed domestic companies, total;4382;27790;x;
Agriculture;Livestock production index (2014-2016 = 100);1000;61610;;
Social: health;Low-birthweight babies (% of births);4391;27700;x;x
Social: education;Lower secondary completion rate, female (% of relevant age group);3956;32050;;
Social: education;Lower secondary completion rate, male (% of relevant age group);3957;32040;;
Social: education;Lower secondary completion rate, total (% of relevant age group);3767;33940;;
Social: education;Lower secondary school starting age (years);362;67990;;
National accounts: value added;Machinery and transport equipment (% of value added in manufacturing);3918;32430;;
Trade: exports;Manufactures exports (% of merchandise exports);2204;49570;;
Trade: imports;Manufactures imports (% of merchandise imports);2189;49720;;
National accounts: value added;Manufacturing, value added (% of GDP);1462;56990;;
National accounts: value added;Manufacturing, value added (annual % growth);1916;52450;;
National accounts: value added;Manufacturing, value added (constant 2015 US$);1951;52100;;
National accounts: value added;Manufacturing, value added (constant LCU);1815;53460;;
National accounts: value added;Manufacturing, value added (current LCU);1462;56990;;
National accounts: value added;Manufacturing, value added (current US$);1481;56800;;
Capital markets;Market capitalization of listed domestic companies (% of GDP);4707;24540;;
Capital markets;Market capitalization of listed domestic companies (current US$);4692;24690;;
Social: health;Maternal mortality ratio (modeled estimate, per 100,000 live births);3397;37640;;
Social: health;Maternal mortality ratio (national estimate, per 100,000 live births);4244;29170;;
Trade: exports;Medium and high-tech exports (% manufactured exports);2178;49830;;
National accounts: value added;Medium and high-tech manufacturing value added (% manufacturing value added);2178;49830;;
Trade: exports;Merchandise exports (current US$);680;64810;x;
Trade: exports;Merchandise exports by the reporting economy (current US$);957;62040;;
Trade: exports;Merchandise exports by the reporting economy, residual (% of total merchandise exports);957;62040;;
Trade: exports;Merchandise exports to economies in the Arab World (% of total merchandise exports);1270;58910;;
Trade: exports;Merchandise exports to high-income economies (% of total merchandise exports);959;62020;x;x
Trade: exports;Merchandise exports to low- and middle-income economies in East Asia & Pacific (% of total merchandise exports);1131;60300;;
Trade: exports;Merchandise exports to low- and middle-income economies in Europe & Central Asia (% of total merchandise exports);1522;56390;;
Trade: exports;Merchandise exports to low- and middle-income economies in Latin America & the Caribbean (% of total merchandise exports);1330;58310;;
Trade: exports;Merchandise exports to low- and middle-income economies in Middle East & North Africa (% of total merchandise exports);1514;56470;;
Trade: exports;Merchandise exports to low- and middle-income economies in South Asia (% of total merchandise exports);1382;57790;;
Trade: exports;Merchandise exports to low- and middle-income economies in Sub-Saharan Africa (% of total merchandise exports);1281;58800;;
Trade: exports;Merchandise exports to low- and middle-income economies outside region (% of total merchandise exports);1047;61140;x;x
Trade: exports;Merchandise exports to low- and middle-income economies within region (% of total merchandise exports);2936;42250;;
Trade: imports;Merchandise imports (current US$);700;64610;;
Trade: imports;Merchandise imports by the reporting economy (current US$);968;61930;;
Trade: imports;Merchandise imports by the reporting economy, residual (% of total merchandise imports);968;61930;;
Trade: imports;Merchandise imports from economies in the Arab World (% of total merchandise imports);1229;59320;;
Trade: imports;Merchandise imports from high-income economies (% of total merchandise imports);969;61920;;
Trade: imports;Merchandise imports from low- and middle-income economies in East Asia & Pacific (% of total merchandise imports);1009;61520;;
Trade: imports;Merchandise imports from low- and middle-income economies in Europe & Central Asia (% of total merchandise imports);1275;58860;;
Trade: imports;Merchandise imports from low- and middle-income economies in Latin America & the Caribbean (% of total merchandise imports);1115;60460;;
Trade: imports;Merchandise imports from low- and middle-income economies in Middle East & North Africa (% of total merchandise imports);1343;58180;;
Trade: imports;Merchandise imports from low- and middle-income economies in South Asia (% of total merchandise imports);1092;60690;;
Trade: imports;Merchandise imports from low- and middle-income economies in Sub-Saharan Africa (% of total merchandise imports);1194;59670;;
Trade: imports;Merchandise imports from low- and middle-income economies outside region (% of total merchandise imports);999;61620;;
Trade: imports;Merchandise imports from low- and middle-income economies within region (% of total merchandise imports);2933;42280;;
Trade: gross;Merchandise trade (% of GDP);881;62800;;
Environment: general;Methane emissions (% change from 1990);2239;49220;;
Environment: general;Methane emissions (kt of CO2 equivalent);1191;59700;x;
Environment: general;Methane emissions in energy sector (thousand metric tons of CO2 equivalent);1188;59730;;
Index quality assessment;Methodology assessment of statistical capacity (scale 0 - 100);4305;28560;;
Military statistics;Military expenditure (% of GDP);2204;49570;x;
Military statistics;Military expenditure (% of general government expenditure);2640;45210;x;x
Military statistics;Military expenditure (current LCU);2288;48730;;
Military statistics;Military expenditure (current USD);2158;50030;;
National accounts: income;Mineral rents (% of GDP);792;63690;;
Infrastructure: telecommunications;Mobile cellular subscriptions;538;66230;;
Infrastructure: telecommunications;Mobile cellular subscriptions (per 100 people);545;66160;x;
Financial: monetary survey;Monetary Sector credit to private sector (% GDP);1647;55140;;
Social: health;Mortality caused by road traffic injury (per 100,000 population);3058;41030;x;
Social: health;Mortality from CVD, cancer, diabetes or CRD between exact ages 30 and 70 (%);3067;40940;;
Social: health;Mortality from CVD, cancer, diabetes or CRD between exact ages 30 and 70, female (%);3067;40940;;
Social: health;Mortality from CVD, cancer, diabetes or CRD between exact ages 30 and 70, male (%);3067;40940;;
Social: health;Mortality rate attributed to unintentional poisoning (per 100,000 population);3067;40940;;
Social: health;Mortality rate attributed to unintentional poisoning, female (per 100,000 female population);3067;40940;;
Social: health;Mortality rate attributed to unintentional poisoning, male (per 100,000 male population);3067;40940;;
Social: population;Mortality rate, adult, female (per 1,000 female adults);953;62080;;
Social: population;Mortality rate, adult, male (per 1,000 male adults);953;62080;;
Social: population;Mortality rate, infant (per 1,000 live births);744;64170;;
Social: population;Mortality rate, infant, female (per 1,000 live births);744;64170;;
Social: population;Mortality rate, infant, male (per 1,000 live births);744;64170;;
Social: health;Mortality rate, neonatal (per 1,000 live births);744;64170;;
Social: health;Mortality rate, under-5 (per 1,000 live births);744;64170;x;
Social: health;Mortality rate, under-5, female (per 1,000 live births);744;64170;;
Social: health;Mortality rate, under-5, male (per 1,000 live births);744;64170;x;
Debt: external;Multilateral debt service (% of public and publicly guaranteed debt service);3112;40490;;
Debt: external;Multilateral debt service (TDS, current US$);3085;40760;;
National accounts: income;Natural gas rents (% of GDP);1025;61360;;
Government finance: IMF;Net acquisition of financial assets (% of GDP);4684;24770;;
Government finance: IMF;Net acquisition of financial assets (current LCU);4667;24940;;
Trade: terms of trade;Net barter terms of trade index (2000 = 100);1665;54960;;
Debt: aid flows from DAC;Net bilateral aid flows from DAC donors, Australia (current US$);3785;33760;;
Debt: aid flows from DAC;Net bilateral aid flows from DAC donors, Austria (current US$);3175;39860;;
Debt: aid flows from DAC;Net bilateral aid flows from DAC donors, Belgium (current US$);3466;36950;;
Debt: aid flows from DAC;Net bilateral aid flows from DAC donors, Canada (current US$);2654;45070;;
Debt: aid flows from DAC;Net bilateral aid flows from DAC donors, Czech Republic (current US$);5364;17970;;
Debt: aid flows from DAC;Net bilateral aid flows from DAC donors, Denmark (current US$);4092;30690;;
Debt: aid flows from DAC;Net bilateral aid flows from DAC donors, European Union institutions (current US$);2321;48400;;
Debt: aid flows from DAC;Net bilateral aid flows from DAC donors, Finland (current US$);3668;34930;;
Debt: aid flows from DAC;Net bilateral aid flows from DAC donors, France (current US$);2403;47580;;
Debt: aid flows from DAC;Net bilateral aid flows from DAC donors, Germany (current US$);2369;47920;;
Debt: aid flows from DAC;Net bilateral aid flows from DAC donors, Greece (current US$);4824;23370;;
Debt: aid flows from DAC;Net bilateral aid flows from DAC donors, Ireland (current US$);4204;29570;;
Debt: aid flows from DAC;Net bilateral aid flows from DAC donors, Italy (current US$);3281;38800;;
Debt: aid flows from DAC;Net bilateral aid flows from DAC donors, Japan (current US$);2242;49190;;
Debt: aid flows from DAC;Net bilateral aid flows from DAC donors, Korea, Rep. (current US$);2955;42060;;
Debt: aid flows from DAC;Net bilateral aid flows from DAC donors, Luxembourg (current US$);4330;28310;;
Debt: aid flows from DAC;Net bilateral aid flows from DAC donors, Netherlands (current US$);3377;37840;;
Debt: aid flows from DAC;Net bilateral aid flows from DAC donors, New Zealand (current US$);4481;26800;;
Debt: aid flows from DAC;Net bilateral aid flows from DAC donors, Norway (current US$);3343;38180;;
Debt: aid flows from DAC;Net bilateral aid flows from DAC donors, Portugal (current US$);5318;18430;;
Debt: aid flows from DAC;Net bilateral aid flows from DAC donors, Spain (current US$);3521;36400;;
Debt: aid flows from DAC;Net bilateral aid flows from DAC donors, Sweden (current US$);3295;38660;;
Debt: aid flows from DAC;Net bilateral aid flows from DAC donors, Switzerland (current US$);3280;38810;;
Debt: aid flows from DAC;Net bilateral aid flows from DAC donors, Total (current US$);2021;51400;x;
Debt: aid flows from DAC;Net bilateral aid flows from DAC donors, United Kingdom (current US$);2728;44330;;
Debt: aid flows from DAC;Net bilateral aid flows from DAC donors, United States (current US$);2688;44730;;
Balance of payments: net;Net capital account (BoP, current US$);2780;43810;;
Financial: monetary survey;Net domestic credit (current LCU);1611;55500;x;
Balance of payments: net;Net errors and omissions (BoP, current US$);1662;54990;;
Balance of payments: net;Net financial account (BoP, current US$);1658;55030;;
Debt: external;Net financial flows, bilateral (NFL, current US$);3127;40340;;
Debt: external;Net financial flows, IBRD (NFL, current US$);4075;30860;;
Debt: external;Net financial flows, IDA (NFL, current US$);3558;36030;;
Debt: external;Net financial flows, IMF nonconcessional (NFL, current US$);4683;24780;;
Debt: external;Net financial flows, multilateral (NFL, current US$);3071;40900;x;
Debt: external;Net financial flows, others (NFL, current US$);3281;38800;;
Debt: external;Net financial flows, RDB concessional (NFL, current US$);4042;31190;;
Debt: external;Net financial flows, RDB nonconcessional (NFL, current US$);4224;29370;;
Debt: external;Net flows on external debt, private nonguaranteed (PNG) (NFL, current US$);4690;24710;;
Financial: monetary survey;Net foreign assets (current LCU);1610;55510;x;
Government finance: IMF;Net incurrence of liabilities, total (% of GDP);4665;24960;;
Government finance: IMF;Net incurrence of liabilities, total (current LCU);4648;25130;;
Social: education;Net intake rate in grade 1 (% of official school-age population);5309;18520;;
Social: education;Net intake rate in grade 1, female (% of official school-age population);5331;18300;;
Social: education;Net intake rate in grade 1, male (% of official school-age population);5331;18300;;
Government finance: IMF;Net investment in nonfinancial assets (% of GDP);4077;30840;;
Government finance: IMF;Net investment in nonfinancial assets (current LCU);4060;31010;;
Government finance: IMF;Net lending (+) / net borrowing (-) (% of GDP);3757;34040;;
Government finance: IMF;Net lending (+) / net borrowing (-) (current LCU);3740;34210;;
Debt: external;Net ODA received (% of central government expense);4847;23140;;
Debt: external;Net ODA received (% of GNI);2633;45280;;
Debt: external;Net ODA received (% of gross capital formation);3305;38560;;
Debt: external;Net ODA received (% of imports of goods, services and primary income);3168;39930;;
Debt: external;Net ODA received per capita (current US$);2331;48300;x;
Debt: external;Net official development assistance and official aid received (constant 2018 US$);2005;51560;;
Debt: external;Net official development assistance and official aid received (current US$);2006;51550;x;
Debt: external;Net official development assistance received (constant 2018 US$);2328;48330;;
Debt: external;Net official development assistance received (current US$);2328;48330;x;
Debt: external;Net official flows from UN agencies, IAEA (current US$);5337;18240;;
Debt: external;Net official flows from UN agencies, IFAD (current US$);3713;34480;;
Debt: external;Net official flows from UN agencies, UNAIDS (current US$);5241;19200;;
Debt: external;Net official flows from UN agencies, UNDP (current US$);2496;46650;x;
Debt: external;Net official flows from UN agencies, UNFPA (current US$);2952;42090;;
Debt: external;Net official flows from UN agencies, UNHCR (current US$);4239;29220;;
Debt: external;Net official flows from UN agencies, UNICEF (current US$);3151;40100;;
Debt: external;Net official flows from UN agencies, UNTA (current US$);3705;34560;;
Debt: external;Net official flows from UN agencies, WFP (current US$);4318;28430;;
Balance of payments: net;Net primary income (BoP, current US$);1641;55200;;
National accounts: income;Net primary income (Net income from abroad) (current LCU);1008;61530;;
National accounts: income;Net primary income (Net income from abroad) (current US$);1031;61300;;
Balance of payments: net;Net secondary income (BoP, current US$);1641;55200;;
National accounts: income;Net secondary income (Net current transfers from abroad) (constant LCU);4297;28640;;
National accounts: income;Net secondary income (Net current transfers from abroad) (current LCU);1400;57610;;
National accounts: income;Net secondary income (Net current transfers from abroad) (current US$);1416;57450;;
Balance of payments: net;Net trade in goods (BoP, current US$);1641;55200;;
Balance of payments: net;Net trade in goods and services (BoP, current US$);1641;55200;x;
Investment climate;New business density (new registrations per 1,000 people ages 15-64);4769;23920;;
Investment climate;New businesses registered (number);4769;23920;;
Social: health;Newborns protected against tetanus (%);3638;35230;;
Environment: general;Nitrous oxide emissions (% change from 1990);2217;49440;;
Environment: general;Nitrous oxide emissions (thousand metric tons of CO2 equivalent);1211;59500;;
Environment: general;Nitrous oxide emissions in energy sector (% of total);3214;39470;;
Environment: general;Nitrous oxide emissions in energy sector (thousand metric tons of CO2 equivalent);1188;59730;;
Social: health;Number of deaths ages 10-14 years;744;64170;;
Social: health;Number of deaths ages 15-19 years;744;64170;;
Social: health;Number of deaths ages 20-24 years;744;64170;;
Social: health;Number of deaths ages 5-9 years;744;64170;;
Social: health;Number of infant deaths;744;64170;x;
Social: health;Number of maternal deaths;3397;37640;;
Social: health;Number of neonatal deaths;744;64170;x;
Social: health;Number of under-five deaths;744;64170;;
Social: health;Nurses and midwives (per 1,000 people);4296;28650;;
Prices: period average;Official exchange rate (LCU per US$, period average);1140;60210;;
National accounts: income;Oil rents (% of GDP);1017;61440;;
Trade: exports;Ores and metals exports (% of merchandise exports);2243;49180;;
Trade: imports;Ores and metals imports (% of merchandise imports);2192;49690;;
Government finance: IMF;Other expense (% of expense);3863;32980;;
Government finance: IMF;Other expense (current LCU);3830;33310;;
Environment: general;Other greenhouse gas emissions (% change from 1990);2592;45690;;
Environment: general;Other greenhouse gas emissions, HFC, PFC and SF6 (thousand metric tons of CO2 equivalent);1797;53640;;
National accounts: value added;Other manufacturing (% of value added in manufacturing);3708;34530;;
Government finance: IMF;Other taxes (% of revenue);3591;35700;;
Government finance: IMF;Other taxes (current LCU);3558;36030;;
Investment climate;Other taxes payable by businesses (% of commercial profits);4050;31110;;
Social: health;Out-of-pocket expenditure (% of current health expenditure);2993;41680;;
Social: health;Out-of-pocket expenditure per capita (current US$);2993;41680;;
Social: health;Out-of-pocket expenditure per capita, PPP (current international $);2993;41680;;
Social: education;Over-age students, primary (% of enrollment);3452;37090;;
Social: education;Over-age students, primary, female (% of female enrollment);3547;36140;;
Social: education;Over-age students, primary, male (% of male enrollment);3545;36160;;
Social: labor;Part time employment, female (% of total female employment);4991;21700;;
Social: labor;Part time employment, male (% of total male employment);4991;21700;;
Social: labor;Part time employment, total (% of total employment);4991;21700;;
Intellectual property;Patent applications, nonresidents;3615;35460;;
Intellectual property;Patent applications, residents;3793;33680;x;
Social: health;People practicing open defecation (% of population);2390;47710;x;x
Social: health;People practicing open defecation, rural (% of rural population);3286;38750;;
Social: health;People practicing open defecation, urban (% of urban population);3056;41050;;
Social: health;People using at least basic drinking water services (% of population);2304;48570;x;
Social: health;People using at least basic drinking water services, rural (% of rural population);3279;38820;;
Social: health;People using at least basic drinking water services, urban (% of urban population);3031;41300;;
Social: health;People using at least basic sanitation services (% of population);2345;48160;x;
Social: health;People using at least basic sanitation services, rural (% of rural population);3266;38950;;
Social: health;People using at least basic sanitation services, urban (% of urban population);3055;41060;;
Social: health;People using safely managed drinking water services (% of population);4031;31300;;
Social: health;People using safely managed drinking water services, rural (% of rural population);5375;17860;;
Social: health;People using safely managed drinking water services, urban (% of urban population);4928;22330;;
Social: health;People using safely managed sanitation services (% of population);4119;30420;;
Social: health;People using safely managed sanitation services, rural (% of rural population);5100;20610;;
Social: health;People using safely managed sanitation services, urban (% of urban population);4657;25040;;
Index quality assessment;Periodicity and timeliness assessment of statistical capacity (scale 0 - 100);4305;28560;;
Agriculture;Permanent cropland (% of land area);1126;60350;x;x
Social: education;Persistence to grade 5, female (% of cohort);4771;23900;;
Social: education;Persistence to grade 5, male (% of cohort);4771;23900;;
Social: education;Persistence to grade 5, total (% of cohort);4513;26480;;
Social: education;Persistence to last grade of primary, female (% of cohort);4463;26980;;
Social: education;Persistence to last grade of primary, male (% of cohort);4463;26980;;
Social: education;Persistence to last grade of primary, total (% of cohort);4154;30070;;
Balance of payments: imports, payments (credit);Personal remittances, paid (current US$);1896;52650;;
Balance of payments: exports, receipts (debit);Personal remittances, received (% of GDP);1623;55380;x;
Balance of payments: exports, receipts (debit);Personal remittances, received (current US$);1526;56350;;
Balance of payments: exports, receipts (debit);Personal transfers, receipts (BoP, current US$);2928;42330;;
Social: health;Physicians (per 1,000 people);3585;35760;x;
Environment: general;PM2.5 air pollution, mean annual exposure (micrograms per cubic meter);4399;27620;;
Environment: general;PM2.5 air pollution, population exposed to levels exceeding WHO guideline value (% of total);4399;27620;;
Environment: general;PM2.5 pollution, population exposed to levels exceeding WHO Interim Target-1 value (% of total);4399;27620;x;
Environment: general;PM2.5 pollution, population exposed to levels exceeding WHO Interim Target-2 value (% of total);4399;27620;;
Environment: general;PM2.5 pollution, population exposed to levels exceeding WHO Interim Target-3 value (% of total);4399;27620;;
Debt: external;PNG, commercial banks and other creditors (NFL, current US$);4721;24400;;
Social: population;Population ages 00-04, female (% of female population);722;64390;;
Social: population;Population ages 00-04, male (% of male population);722;64390;;
Social: population;Population ages 0-14 (% of total population);722;64390;;
Social: population;Population ages 0-14, female;725;64360;;
Social: population;Population ages 0-14, female (% of female population);722;64390;;
Social: population;Population ages 0-14, male;725;64360;;
Social: population;Population ages 0-14, male (% of male population);722;64390;;
Social: population;Population ages 0-14, total;725;64360;;
Social: population;Population ages 05-09, female (% of female population);722;64390;;
Social: population;Population ages 05-09, male (% of male population);722;64390;;
Social: population;Population ages 10-14, female (% of female population);722;64390;;
Social: population;Population ages 10-14, male (% of male population);722;64390;;
Social: population;Population ages 15-19, female (% of female population);722;64390;;
Social: population;Population ages 15-19, male (% of male population);722;64390;;
Social: population;Population ages 15-64 (% of total population);722;64390;;
Social: population;Population ages 15-64, female;725;64360;;
Social: population;Population ages 15-64, female (% of female population);722;64390;;
Social: population;Population ages 15-64, male;725;64360;;
Social: population;Population ages 15-64, male (% of male population);722;64390;;
Social: population;Population ages 15-64, total;725;64360;;
Social: population;Population ages 20-24, female (% of female population);722;64390;;
Social: population;Population ages 20-24, male (% of male population);722;64390;;
Social: population;Population ages 25-29, female (% of female population);722;64390;;
Social: population;Population ages 25-29, male (% of male population);722;64390;;
Social: population;Population ages 30-34, female (% of female population);722;64390;;
Social: population;Population ages 30-34, male (% of male population);722;64390;;
Social: population;Population ages 35-39, female (% of female population);722;64390;;
Social: population;Population ages 35-39, male (% of male population);722;64390;;
Social: population;Population ages 40-44, female (% of female population);722;64390;;
Social: population;Population ages 40-44, male (% of male population);722;64390;;
Social: population;Population ages 45-49, female (% of female population);722;64390;;
Social: population;Population ages 45-49, male (% of male population);722;64390;;
Social: population;Population ages 50-54, female (% of female population);722;64390;;
Social: population;Population ages 50-54, male (% of male population);722;64390;;
Social: population;Population ages 55-59, female (% of female population);722;64390;;
Social: population;Population ages 55-59, male (% of male population);722;64390;;
Social: population;Population ages 60-64, female (% of female population);722;64390;;
Social: population;Population ages 60-64, male (% of male population);722;64390;;
Social: population;Population ages 65 and above (% of total population);722;64390;;
Social: population;Population ages 65 and above, female;725;64360;;
Social: population;Population ages 65 and above, female (% of female population);722;64390;;
Social: population;Population ages 65 and above, male;725;64360;;
Social: population;Population ages 65 and above, male (% of male population);722;64390;;
Social: population;Population ages 65 and above, total;725;64360;;
Social: population;Population ages 65-69, female (% of female population);722;64390;;
Social: population;Population ages 65-69, male (% of male population);722;64390;;
Social: population;Population ages 70-74, female (% of female population);722;64390;;
Social: population;Population ages 70-74, male (% of male population);722;64390;;
Social: population;Population ages 75-79, female (% of female population);722;64390;;
Social: population;Population ages 75-79, male (% of male population);722;64390;;
Social: population;Population ages 80 and above, female (% of female population);722;64390;;
Social: population;Population ages 80 and above, male (% of male population);722;64390;;
Environment: general;Population density (people per sq. km of land area);41;71200;x;
Social: population;Population growth (annual %);15;71460;x;x
Environment: general;Population in largest city;1984;51770;x;
Environment: general;Population in the largest city (% of urban population);1987;51740;;
Environment: general;Population in urban agglomerations of more than 1 million;2976;41850;;
Environment: general;Population in urban agglomerations of more than 1 million (% of total population);2979;41820;x;x
Social: population;Population, female;725;64360;;
Social: population;Population, female (% of total population);722;64390;x;x
Social: population;Population, male;725;64360;;
Social: population;Population, male (% of total population);722;64390;x;x
Social: population;Population, total;12;71490;x;
Balance of payments: exports, receipts (debit);Portfolio equity, net inflows (BoP, current US$);2695;44660;x;
Balance of payments: net;Portfolio investment, net (BoP, current US$);2485;46760;x;
Social: income;Poverty gap at $1.90 a day (2011 PPP) (%);5016;21450;x;x
Social: income;Poverty gap at $3.20 a day (2011 PPP) (%);5016;21450;x;x
Social: income;Poverty gap at $5.50 a day (2011 PPP) (%);5017;21440;;
Social: income;Poverty headcount ratio at $1.90 a day (2011 PPP) (% of population);5016;21450;x;x
Social: income;Poverty headcount ratio at $3.20 a day (2011 PPP) (% of population);5016;21450;;
Social: income;Poverty headcount ratio at $5.50 a day (2011 PPP) (% of population);5017;21440;;
Debt: external;PPG, commercial banks (NFL, current US$);4217;29440;;
Debt: external;PPG, IBRD (DOD, current US$);4557;26040;;
Debt: external;PPG, IDA (DOD, current US$);3752;34090;;
Debt: external;PPG, official creditors (NFL, current US$);3059;41020;;
Debt: external;PPG, other private creditors (NFL, current US$);4337;28240;;
Debt: external;PPG, private creditors (NFL, current US$);3743;34180;;
Prices: period average;PPP conversion factor, GDP (LCU per international $);911;62500;;
Prices: period average;PPP conversion factor, private consumption (LCU per international $);1444;57170;;
Social: education;Preprimary education, duration (years);2911;42500;;
Social: health;Prevalence of anemia among children (% of children ages 6-59 months);2927;42340;x;x
Social: health;Prevalence of anemia among non-pregnant women (% of women ages 15-49);2927;42340;;
Social: health;Prevalence of anemia among pregnant women (%);2927;42340;;
Social: health;Prevalence of anemia among women of reproductive age (% of women ages 15-49);2927;42340;x;x
Social: health;Prevalence of HIV, female (% ages 15-24);2594;45670;;
Social: health;Prevalence of HIV, male (% ages 15-24);2594;45670;;
Social: health;Prevalence of HIV, total (% of population ages 15-49);2563;45980;x;x
Social: health;Prevalence of overweight (modeled estimate, % of children under 5);3472;36890;x;
Social: health;Prevalence of stunting, height for age (modeled estimate, % of children under 5);3472;36890;;
Social: nutrition;Prevalence of undernourishment (% of population);3668;34930;x;x
Prices: period average;Price level ratio of PPP conversion factor (GDP) to market exchange rate;957;62040;;
Social: education;Primary completion rate, female (% of relevant age group);3419;37420;;
Social: education;Primary completion rate, male (% of relevant age group);3420;37410;;
Social: education;Primary completion rate, total (% of relevant age group);3218;39430;x;
Social: education;Primary education, duration (years);290;68710;x;
Social: education;Primary education, pupils;1705;54560;;
Social: education;Primary education, pupils (% female);2145;50160;x;x
Social: education;Primary education, teachers;2654;45070;;
Social: education;Primary education, teachers (% female);2953;42080;;
Public financial management;Primary government expenditures as a proportion of original approved budget (%);5205;19560;;
Balance of payments: imports, payments (credit);Primary income payments (BoP, current US$);1643;55180;;
Balance of payments: exports, receipts (debit);Primary income receipts (BoP, current US$);1680;54810;;
Social: education;Primary school starting age (years);290;68710;;
Investment climate;Private credit bureau coverage (% of adults);3902;32590;;
Social: health;Probability of dying among adolescents ages 10-14 years (per 1,000);744;64170;x;
Social: health;Probability of dying among adolescents ages 15-19 years (per 1,000);744;64170;;
Social: health;Probability of dying among children ages 5-9 years (per 1,000);744;64170;;
Social: health;Probability of dying among youth ages 20-24 years (per 1,000);744;64170;;
Investment climate;Procedures to build a warehouse (number);4088;30730;;
Investment climate;Procedures to register property (number);3964;31970;;
Investment climate;Profit tax (% of commercial profits);4050;31110;x;x
Social: education;Progression to secondary school (%);4369;27920;;
Social: education;Progression to secondary school, female (%);4552;26090;;
Social: education;Progression to secondary school, male (%);4552;26090;;
Social: income;Proportion of people living below 50 percent of median income (%);5067;20940;x;x
Social: gender;Proportion of seats held by women in national parliaments (%);2397;47640;x;
Debt: external;Public and publicly guaranteed debt service (% of exports of goods, services and primary income);3560;36010;;
Debt: external;Public and publicly guaranteed debt service (% of GNI);3166;39950;;
Investment climate;Public credit registry coverage (% of adults);3902;32590;;
Environment: prices;Pump price for diesel fuel (US$ per liter);4892;22690;;
Environment: prices;Pump price for gasoline (US$ per liter);4874;22870;x;
Social: education;Pupil-teacher ratio, lower secondary;4786;23750;;
Social: education;Pupil-teacher ratio, preprimary;3801;33600;;
Social: education;Pupil-teacher ratio, primary;2955;42060;x;
Social: education;Pupil-teacher ratio, secondary;3978;31830;x;
Social: education;Pupil-teacher ratio, tertiary;4290;28710;x;
Social: education;Pupil-teacher ratio, upper secondary;4927;22340;;
Infrastructure: transportation;Rail lines (total route-km);4691;24700;x;
Infrastructure: transportation;Railways, goods transported (million ton-km);4697;24640;;
Infrastructure: transportation;Railways, passengers carried (million passenger-km);4802;23590;;
Social: labor;Ratio of female to male labor force participation rate (%) (modeled ILO estimate);930;62310;x;
Social: labor;Ratio of female to male labor force participation rate (%) (national estimate);3525;36360;x;
Prices: index;Real effective exchange rate index (2010 = 100);3826;33350;;
Financial: interest rates;Real interest rate (%);3174;39870;;
Social: migration;Refugee population by country or territory of asylum;2058;51030;;
Social: migration;Refugee population by country or territory of origin;1525;56360;x;
Environment: energy;Renewable electricity output (% of total electricity output);1081;60800;;
Environment: energy;Renewable energy consumption (% of total final energy consumption);656;65050;x;x
Social: education;Repeaters, primary, female (% of female enrollment);3559;36020;;
Social: education;Repeaters, primary, male (% of male enrollment);3559;36020;;
Social: education;Repeaters, primary, total (% of total enrollment);3347;38140;;
Government finance: other sources;Research and development expenditure (% of GDP);4746;24150;x;x
Social: population;Researchers in R&D (per million people);5207;19540;;
Balance of payments: net;Reserves and related items (BoP, current US$);1701;54600;;
Government finance: IMF;Revenue, excluding grants (% of GDP);3609;35520;;
Government finance: IMF;Revenue, excluding grants (current LCU);3587;35740;;
Social: health;Risk of catastrophic expenditure for surgical care (% of people at risk);4438;27230;;
Social: health;Risk of impoverishing expenditure for surgical care (% of people at risk);4438;27230;x;x
Financial: interest rates;Risk premium on lending (lending rate minus treasury bill rate, %);4799;23620;;
Social: population;Rural population;74;70870;x;
Social: population;Rural population (% of total population);71;70900;x;x
Social: population;Rural population growth (annual %);364;67970;x;
Capital markets;S&P Global Equity Indices (annual % change);4693;24680;;
Social: education;School enrollment, preprimary (% gross);2725;44360;x;
Social: education;School enrollment, preprimary, female (% gross);2974;41870;;
Social: education;School enrollment, preprimary, male (% gross);2974;41870;;
Social: education;School enrollment, primary (% gross);1932;52290;x;
Social: education;School enrollment, primary (% net);3580;35810;x;x
Social: education;School enrollment, primary (gross), gender parity index (GPI);2056;51050;;
Social: education;School enrollment, primary and secondary (gross), gender parity index (GPI);3018;41430;;
Social: education;School enrollment, primary, female (% gross);2056;51050;;
Social: education;School enrollment, primary, female (% net);4490;26710;;
Social: education;School enrollment, primary, male (% gross);2056;51050;;
Social: education;School enrollment, primary, male (% net);4490;26710;;
Social: education;School enrollment, primary, private (% of total primary);2731;44300;;
Social: education;School enrollment, secondary (% gross);2699;44620;x;
Social: education;School enrollment, secondary (% net);4466;26950;;
Social: education;School enrollment, secondary (gross), gender parity index (GPI);2911;42500;;
Social: education;School enrollment, secondary, female (% gross);2911;42500;;
Social: education;School enrollment, secondary, female (% net);4541;26200;;
Social: education;School enrollment, secondary, male (% gross);2911;42500;;
Social: education;School enrollment, secondary, male (% net);4541;26200;;
Social: education;School enrollment, secondary, private (% of total secondary);4160;30010;;
Social: education;School enrollment, tertiary (% gross);3112;40490;x;
Social: education;School enrollment, tertiary (gross), gender parity index (GPI);3501;36600;;
Social: education;School enrollment, tertiary, female (% gross);3450;37110;x;
Social: education;School enrollment, tertiary, male (% gross);3450;37110;;
Intellectual property;Scientific and technical journal articles;2984;41770;x;
Social: education;Secondary education, duration (years);362;67990;x;
Social: education;Secondary education, general pupils;2385;47760;;
Social: education;Secondary education, general pupils (% female);2527;46340;;
Social: education;Secondary education, pupils;2516;46450;;
Social: education;Secondary education, pupils (% female);2984;41770;x;x
Social: education;Secondary education, teachers;3668;34930;;
Social: education;Secondary education, teachers (% female);3865;32960;;
Social: education;Secondary education, teachers, female;3918;32430;;
Social: education;Secondary education, vocational pupils;3190;39710;;
Social: education;Secondary education, vocational pupils (% female);3516;36450;;
Balance of payments: exports, receipts (debit);Secondary income receipts (BoP, current US$);1738;54230;;
Balance of payments: imports, payments (credit);Secondary income, other sectors, payments (BoP, current US$);1965;51960;;
Infrastructure: telecommunications;Secure Internet servers;4394;27670;;
Infrastructure: telecommunications;Secure Internet servers (per 1 million people);4394;27670;;
Social: labor;Self-employed, female (% of female employment) (modeled ILO estimate);1304;58570;;
Social: labor;Self-employed, male (% of male employment) (modeled ILO estimate);1304;58570;;
Social: labor;Self-employed, total (% of total employment) (modeled ILO estimate);1304;58570;;
Balance of payments: exports, receipts (debit);Service exports (BoP, current US$);1642;55190;;
Balance of payments: imports, payments (credit);Service imports (BoP, current US$);1642;55190;;
National accounts: value added;Services, value added (% of GDP);1365;57960;;
National accounts: value added;Services, value added (annual % growth);1851;53100;;
National accounts: value added;Services, value added (constant 2015 US$);1820;53410;;
National accounts: value added;Services, value added (constant LCU);1752;54090;;
National accounts: value added;Services, value added (current LCU);1365;57960;;
National accounts: value added;Services, value added (current US$);1388;57730;;
National accounts: value added;Services, value added per worker (constant 2015 US$);2434;47270;;
Social: population;Sex ratio at birth (male births per female births);3429;37320;x;
Trade: imports;Share of tariff lines with international peaks, all products (%);3005;41560;;
Trade: imports;Share of tariff lines with international peaks, manufactured products (%);3005;41560;;
Trade: imports;Share of tariff lines with international peaks, primary products (%);3005;41560;;
Trade: imports;Share of tariff lines with specific rates, all products (%);3005;41560;;
Trade: imports;Share of tariff lines with specific rates, manufactured products (%);3005;41560;;
Trade: imports;Share of tariff lines with specific rates, primary products (%);3005;41560;;
Social: labor;Share of youth not in education, employment or training, female (% of female youth population);5163;19980;;
Social: labor;Share of youth not in education, employment or training, male (% of male youth population);5166;19950;;
Social: labor;Share of youth not in education, employment or training, total (% of youth population);5145;20160;x;x
Debt: external;Short-term debt (% of exports of goods, services and primary income);3572;35890;;
Debt: external;Short-term debt (% of total external debt);3015;41460;;
Debt: external;Short-term debt (% of total reserves);3505;36560;;
Government finance: IMF;Social contributions (% of revenue);3611;35500;;
Government finance: IMF;Social contributions (current LCU);3579;35820;;
Index quality assessment;Source data assessment of statistical capacity (scale 0 - 100);4305;28560;;
Investment climate;Start-up procedures to register a business (number);3769;33920;;
Investment climate;Start-up procedures to register a business, female (number);3769;33920;;
Investment climate;Start-up procedures to register a business, male (number);3769;33920;;
Index quality assessment;Statistical Capacity Score (Overall Average) (scale 0 - 100);4305;28560;;
Index quality assessment;Statistical performance indicators (SPI): Pillar 1 data use score (scale 0-100);3255;39060;;
Index quality assessment;Statistical performance indicators (SPI): Pillar 3 data products score  (scale 0-100);3502;36590;;
Capital markets;Stocks traded, total value (% of GDP);4529;26320;x;x
Capital markets;Stocks traded, total value (current US$);4518;26430;x;
Capital markets;Stocks traded, turnover ratio of domestic shares (%);4822;23390;x;x
Government finance: IMF;Subsidies and other transfers (% of expense);3836;33250;;
Government finance: IMF;Subsidies and other transfers (current LCU);3804;33570;x;
Social: health;Suicide mortality rate (per 100,000 population);3067;40940;x;
Social: health;Suicide mortality rate, female (per 100,000 female population);3067;40940;;
Social: health;Suicide mortality rate, male (per 100,000 male population);3067;40940;x;
Agriculture;Surface area (sq. km);491;66700;;
Social: population;Survival to age 65, female (% of cohort);907;62540;x;x
Social: population;Survival to age 65, male (% of cohort);907;62540;x;x
Trade: imports;Tariff rate, applied, simple mean, all products (%);3006;41550;;
Trade: imports;Tariff rate, applied, simple mean, manufactured products (%);3006;41550;;
Trade: imports;Tariff rate, applied, simple mean, primary products (%);3006;41550;;
Trade: imports;Tariff rate, applied, weighted mean, all products (%);3006;41550;;
Trade: imports;Tariff rate, applied, weighted mean, manufactured products (%);3006;41550;;
Trade: imports;Tariff rate, applied, weighted mean, primary products (%);3006;41550;;
Trade: imports;Tariff rate, most favored nation, simple mean, all products (%);2978;41830;;
Trade: imports;Tariff rate, most favored nation, simple mean, manufactured products (%);2978;41830;;
Trade: imports;Tariff rate, most favored nation, simple mean, primary products (%);2978;41830;;
Trade: imports;Tariff rate, most favored nation, weighted mean, all products (%);3006;41550;;
Trade: imports;Tariff rate, most favored nation, weighted mean, manufactured products (%);3006;41550;;
Trade: imports;Tariff rate, most favored nation, weighted mean, primary products (%);3006;41550;;
Investment climate;Tax payments (number);4050;31110;x;
Government finance: IMF;Tax revenue (% of GDP);3580;35810;x;
Government finance: IMF;Tax revenue (current LCU);3558;36030;x;
National accounts: income;Taxes less subsidies on products (constant LCU);2144;50170;;
National accounts: income;Taxes less subsidies on products (current LCU);1641;55200;;
National accounts: income;Taxes less subsidies on products (current US$);1664;54970;;
Government finance: IMF;Taxes on exports (% of tax revenue);3670;34910;;
Government finance: IMF;Taxes on exports (current LCU);3667;34940;;
Government finance: IMF;Taxes on goods and services (% of revenue);3618;35430;;
Government finance: IMF;Taxes on goods and services (% value added of industry and services);3816;33450;;
Government finance: IMF;Taxes on goods and services (current LCU);3585;35760;;
Government finance: IMF;Taxes on income, profits and capital gains (% of revenue);3593;35680;x;x
Government finance: IMF;Taxes on income, profits and capital gains (% of total taxes);3561;36000;x;
Government finance: IMF;Taxes on income, profits and capital gains (current LCU);3560;36010;;
Government finance: IMF;Taxes on international trade (% of revenue);3593;35680;;
Government finance: IMF;Taxes on international trade (current LCU);3560;36010;;
Balance of payments: exports, receipts (debit);Technical cooperation grants (BoP, current US$);2028;51330;;
National accounts: income;Terms of trade adjustment (constant LCU);2130;50310;;
Social: education;Tertiary education, academic staff (% female);4489;26720;;
National accounts: value added;Textiles and clothing (% of value added in manufacturing);3736;34250;;
Investment climate;Time required to build a warehouse (days);4088;30730;;
Investment climate;Time required to enforce a contract (days);3769;33920;;
Investment climate;Time required to get electricity (days);4732;24290;;
Investment climate;Time required to register property (days);3964;31970;;
Investment climate;Time required to start a business (days);3769;33920;x;
Investment climate;Time required to start a business, female (days);3769;33920;;
Investment climate;Time required to start a business, male (days);3769;33920;;
Investment climate;Time to prepare and pay taxes (hours);4050;31110;x;
Investment climate;Time to resolve insolvency (years);4116;30450;;
Debt: external;Total debt service (% of exports of goods, services and primary income);3453;37080;;
Debt: external;Total debt service (% of GNI);3172;39890;x;x
Environment: resources;Total fisheries production (metric tons);595;65660;x;
Environment: general;Total greenhouse gas emissions (% change from 1990);2778;43830;x;
Environment: general;Total greenhouse gas emissions (kt of CO2 equivalent);1192;59690;;
National accounts: income;Total natural resources rents (% of GDP);809;63520;;
Financial: international liquidity;Total reserves (% of total external debt);3505;36560;;
Financial: international liquidity;Total reserves (includes gold, current US$);1527;56340;x;
Financial: international liquidity;Total reserves in months of imports;2083;50780;x;
Financial: international liquidity;Total reserves minus gold (current US$);1527;56340;;
Investment climate;Total tax and contribution rate (% of profit);4050;31110;;
National accounts: expenditure;Trade (% of GDP);1354;58070;x;
Balance of payments: gross;Trade in services (% of GDP);1702;54590;x;
Intellectual property;Trademark applications, direct nonresident;3351;38100;;
Intellectual property;Trademark applications, direct resident;3348;38130;x;
Intellectual property;Trademark applications, nonresident, by count;5087;20740;;
Intellectual property;Trademark applications, resident, by count;5096;20650;x;
Intellectual property;Trademark applications, total;3143;40180;x;
Social: education;Trained teachers in primary education (% of total teachers);5181;19800;;
Social: education;Trained teachers in primary education, female (% of female teachers);5352;18090;;
Social: education;Trained teachers in primary education, male (% of male teachers);5353;18080;;
Trade: exports;Transport services (% of commercial service exports);1799;53620;;
Trade: imports;Transport services (% of commercial service imports);1731;54300;;
Balance of payments: exports, receipts (debit);Transport services (% of service exports, BoP);1799;53620;;
Balance of payments: imports, payments (credit);Transport services (% of service imports, BoP);1731;54300;;
Trade: exports;Travel services (% of commercial service exports);1782;53790;;
Trade: imports;Travel services (% of commercial service imports);1749;54120;;
Balance of payments: exports, receipts (debit);Travel services (% of service exports, BoP);1782;53790;;
Balance of payments: imports, payments (credit);Travel services (% of service imports, BoP);1749;54120;;
Social: health;Tuberculosis case detection rate (%, all forms);2573;45880;x;
Social: health;Tuberculosis treatment success rate (% of new cases);3002;41590;;
Social: labor;Unemployment with advanced education (% of total labor force with advanced education);4771;23900;;
Social: labor;Unemployment with advanced education, female (% of female labor force with advanced education);4810;23510;;
Social: labor;Unemployment with advanced education, male (% of male labor force with advanced education);4818;23430;;
Social: labor;Unemployment with basic education (% of total labor force with basic education);4759;24020;;
Social: labor;Unemployment with basic education, female (% of female labor force with basic education);4773;23880;;
Social: labor;Unemployment with basic education, male (% of male labor force with basic education);4770;23910;;
Social: labor;Unemployment with intermediate education (% of total labor force with intermediate education);4779;23820;;
Social: labor;Unemployment with intermediate education, female (% of female labor force with intermediate education);4806;23550;;
Social: labor;Unemployment with intermediate education, male (% of male labor force with intermediate education);4801;23600;;
Social: labor;Unemployment, female (% of female labor force) (modeled ILO estimate);1117;60440;;
Social: labor;Unemployment, female (% of female labor force) (national estimate);3448;37130;;
Social: labor;Unemployment, male (% of male labor force) (modeled ILO estimate);1117;60440;;
Social: labor;Unemployment, male (% of male labor force) (national estimate);3448;37130;;
Social: labor;Unemployment, total (% of total labor force) (modeled ILO estimate);1117;60440;;
Social: labor;Unemployment, total (% of total labor force) (national estimate);3184;39770;x;x
Social: labor;Unemployment, youth female (% of female labor force ages 15-24) (modeled ILO estimate);1117;60440;;
Social: labor;Unemployment, youth female (% of female labor force ages 15-24) (national estimate);4149;30120;;
Social: labor;Unemployment, youth male (% of male labor force ages 15-24) (modeled ILO estimate);1117;60440;;
Social: labor;Unemployment, youth male (% of male labor force ages 15-24) (national estimate);4143;30180;;
Social: labor;Unemployment, youth total (% of total labor force ages 15-24) (modeled ILO estimate);1117;60440;x;x
Social: labor;Unemployment, youth total (% of total labor force ages 15-24) (national estimate);4104;30570;x;x
Social: population;Urban population;74;70870;x;
Social: population;Urban population (% of total population);71;70900;x;x
Social: population;Urban population growth (annual %);76;70850;x;x
Debt: external;Use of IMF credit (DOD, current US$);3202;39590;;
Social: labor;Vulnerable employment, female (% of female employment) (modeled ILO estimate);1304;58570;;
Social: labor;Vulnerable employment, male (% of male employment) (modeled ILO estimate);1304;58570;;
Social: labor;Vulnerable employment, total (% of total employment) (modeled ILO estimate);1304;58570;x;x
Social: labor;Wage and salaried workers, female (% of female employment) (modeled ILO estimate);1304;58570;;
Social: labor;Wage and salaried workers, male (% of male employment) (modeled ILO estimate);1304;58570;;
Social: labor;Wage and salaried workers, total (% of total employment) (modeled ILO estimate);1304;58570;;
Social: gender;Women Business and the Law Index Score (scale 1-100);868;62930;;
Social: health;Women's share of population ages 15+ living with HIV (%);2628;45330;;
Social: health;Young people (ages 15-24) newly infected with HIV;2751;44100;;
